"Summons Number","Plate ID","Registration State","Plate Type","Issue Date","Violation Code","Vehicle Body Type","Vehicle Make","Issuing Agency","Street Code1","Street Code2","Street Code3","Vehicle Expiration Date","Violation Location","Violation Precinct","Issuer Precinct","Issuer Code","Issuer Command","Issuer Squad","Violation Time","Time First Observed","Violation County","Violation In Front Of Or Opposite","House Number","Street Name","Intersecting Street","Date First Observed","Law Section","Sub Division","Violation Legal Code","Days Parking In Effect","From Hours In Effect","To Hours In Effect","Vehicle Color","Unregistered Vehicle?","Vehicle Year","Meter Number","Feet From Curb","Violation Post Code","Violation Description","No Standing or Stopping Violation","Hydrant Violation","Double Parking Violation","Fiscal Year"
"1,483,698,476","JJC1374","NY","PAS","07/02/2026 12:00:00 AM","46","SDN","LEXUS","P","24,690","36,470","36,490","20,270,610","32","32","8","100,832","0008","0000","1246P",,"NY","F","512","LENOX AVE",,"0","408","C4",,"BBBBBBB","ALL","ALL","WHITE","0","2009","-","0",,,,,"20","2026"
"1,498,607,007","LUJ2377","NY","PAS","07/02/2026 12:00:00 AM","17","SDN","MITSU","P","8,120","25,800","25,830","20,270,301","40","40","40","980,069","0040","0000","0945P","0935P","BX","F","266","ALEXANDER AVE",,"20,250,702","408","C4",,"BBBBBBB","ALL","ALL","GRAY","0","2022","-","0",,,,,"20","2026"
"1,499,835,050","80944MN","NY","COM","07/02/2026 12:00:00 AM","78","DELV","FORD","P","23,040","6,790","6,940","20,260,731","109","109","109","960,994","0109","0000","0110A",,"Q","O","22-06","146 ST",,"0","408","E2",,"BBBBBBB","ALL","ALL","WHITE","0","2015","-","0",,,,,"20","2026"
"1,504,079,796","NBR3861","PA","PAS","07/03/2026 12:00:00 AM","14",,"HONDA","P","41,930","0","0","88,888,888","71","71","71","980,838","0071","0000","0751A",,,"O",,"FRANKLIN AVE","SULLIVAN","20,260,703","408","J2",,"bbbbbbb","ALL","ALL",,"0","0","-","0",,,,,"20","2026"
"1,499,769,880","LVA4797","NY","PAS","07/03/2026 12:00:00 AM","46","SDN","HYUND","P","70,930","73,470","85,030","20,270,325","73","73","73","964,592","0073","0000","0200P",,"K","I","1697","PITKIN AVE",,"0","408","C3",,"BBBBBBB","ALL","ALL",,"0","0","-","0",,,,,"20","2026"
"1,500,553,335","LXG2384","NY","PAS","07/03/2026 12:00:00 AM","40","SUBN","ME/BE","P","35,020","25,980","26,040","20,260,930","40","40","40","971,760","0040","0000","1255A","1255A","BX","F","444","GERARD AVE",,"20,260,703","408","J2",,"BBBBBBB","ALL","ALL","WH","0","2025","-","0",,,,,"20","2026"
"1,501,323,957","T666758C","NY","OMT","07/04/2026 12:00:00 AM","98","SUBN","FSKR","P","51,090","15,990","16,140","20,260,331","102","102","102","977,482","0102","0000","0113A","0113A",,"F","76-01","JAMAICA AVE",,"0","408","K6",,"BBBBBBB","ALL","ALL",,"0","0","-","0",,,,,"20","2026"
"1,497,717,875","LPW5962","NY","PAS","07/04/2026 12:00:00 AM","19","SUBN","LEXUS","P","17,380","77,130","68,830","20,261,105","68","68","68","956,428","0068","0000","0444P",,"K","F","6","BAY RIDGE AVE",,"0","408","J6",,"BBBBBBB","ALL","ALL","GREY","0","0","-","0",,,,,"20","2026"
"1,497,717,929","26385NC","NY","COM","07/04/2026 12:00:00 AM","78","VAN",,"P","10,080","5,880","42,630","20,260,228","68","68","68","956,428","0068","0000","1115P",,"K","F","837","71 ST",,"0","408","C3",,"YYYYYYY","0900P","0500A",,"0","2021","-","0",,,,,"20","2026"
"1,489,170,133","KWG8844","NY","PAS","07/05/2026 12:00:00 AM","20","SUBN",,"P","26,610","64,620","64,720","20,260,906","44","44","44","980,782","0044","0000","0844P",,"BX","I","208","EAST 165",,"0","408","D",,"BBBBBBB","ALL","ALL","BG","0","2022","-","0",,,,,"20","2026"
"1,492,491,056","LLP3418","NY","PAS","07/06/2026 12:00:00 AM","62","SUBN","LEXUS","P","0","0","0","20,260,701","111","111","111","952,911","0111","0000","1159A",,"Q","I",,"S/E/C 53 AVE","190 ST","0","408","K6",,"BBBBBBB","ALL","ALL","GY","0","2007","-","0",,,,,"20","2026"
"1,498,665,860","LNB2163","NY","PAS","07/06/2026 12:00:00 AM","60","SDN","BMW","K","12,035","37,920","0","20,260,728","47","47","2","160,283","0002","0000","0239P",,"BX","F",,"HAFFEN PARK","HAMMERSLEY AVE","0","408","E2",,"BBBBBBB","ALL","ALL","BLUE","0","2002","-","0",,,,,"20","2026"
"1,500,179,711","TFA2296","VA","PAS","07/06/2026 12:00:00 AM","46","SDN","BMW","P","37,130","26,230","77,930","88,888,888","67","67","67","979,725","0067","0000","0350A",,"K","I","338","EAST 53RD STREET",,"0","408","F2",,"BBBBBBB","ALL","ALL","BLK","0","0","-","0",,,,,"20","2026"
"1,501,285,099","MTY0085","PA","PAS","07/07/2026 12:00:00 AM","40","VAN","CHRYS","P","5,880","5,830","5,930","20,260,228","72","72","72","979,475","0072","0000","0319A",,,"F","753","8 AVE",,"0","408","F1",,"BBBBBBB","ALL","ALL",,"0","0","-","1",,,,,"20","2026"
"1,497,803,731","BH65319","CT","PAS","07/07/2026 12:00:00 AM","51","SDN","CHRYS","P","36,230","14,030","14,080","20,250,903","63","63","63","961,211","0063","0000","0613A",,,"F","935","E 32 ST",,"0","408","E2",,"BBBBBBB","ALL","ALL","GRAY","0","2015","-","0",,,,,"20","2026"
"1,500,666,257","THJ7398","VA","PAS","07/08/2026 12:00:00 AM","40","SDN","ME/BE","P","53,790","25,225","43,895","20,260,731","103","103","103","964,827","0103","0000","0235A",,,"F","18718","LIBERTY AVE",,"0","408","F2",,"bbbbbbb","ALL","ALL","RD","0","0","-","0",,,,,,"2026"
"1,493,969,134","BXW4372","NY","PAS","07/08/2026 12:00:00 AM","40","SDN","SWB","P","13,390","27,480","28,135","20,260,930","121","121","121","976,901","0121","0000","1124A","1124A","R","F","289","ADA DR",,"20,260,708","408","J2",,"bbbbbbb","ALL","ALL","SI","0","2023","-","2",,,,,"20","2026"
"1,504,684,527","KDR2986","NY","PAS","07/08/2026 12:00:00 AM","40","SUBN","NISSA","P","73,330","10,430","10,480","20,260,706","68","68","68","973,727","0068","0000","0928P",,"K","F","7714","RIDGE BLVD",,"0","408","E2",,"bbbbbbb","ALL","ALL","BLK","0","2024","-","0",,,,,"20","2026"
"1,501,208,056","9POR009","CA","PAS","07/08/2026 12:00:00 AM","40","SUBN","KIA","P","18,890","6,940","7,090","20,260,530","115","115","115","953,547","0115","0000","0102A",,"Q","F","23-50","96 ST",,"0","408","E2",,"BBBBBBB","ALL","ALL","WHITE","0","0","-","0",,,,,"20","2026"
"1,501,254,637","MSR3507","PA","PAS","07/08/2026 12:00:00 AM","40","SDN","BMW","P","0","40,404","40,404","20,260,131","75","75","75","975,337","0075","0000","1115P",,,"F","165","ELMIRA LP",,"0","408","C",,"BBBBBBB","ALL","ALL","WHITE","0","2022","-","0",,,,,"20","2026"
"1,502,044,912","MBJ7367","NY","PAS","07/09/2026 12:00:00 AM","20","SDN","BMW","P","19,130","27,790","0","20,280,131","23","23","23","981,138","0023","0000","0530P","0525P","NY","F","70","E 108TH STREET","PARK AVE","20,260,709","408","C",,"bbbbbbb","ALL","ALL","BLU","0","2007","-","0",,,,,"20","2026"
"1,501,236,880","M25MBM","NJ","PAS","07/09/2026 12:00:00 AM","98","SUBN","HONDA","P","0","40,404","40,404","88,888,888","87","87","87","975,540","0087","0000","1246P",,"K","F","878","HERKIMER",,"0","408","D1",,"BBBBBBB","ALL","ALL","GRY","0","0","-","0",,,,,"20","2026"
"1,499,882,476","10632MM","NY","COM","07/10/2026 12:00:00 AM","78","DELV","FRUEH","P","22,870","37,420","27,135","20,260,630","116","116","116","966,035","0116","0000","1158P",,"Q","O","240-02","144 AVE",,"0","408","K6",,"BBBBBBB","ALL","ALL","WH","0","0","-","0",,,,,"20","2026"
"1,501,756,023","LSK2997","NY","PAS","07/10/2026 12:00:00 AM","40","VAN",,"P","34,330","82,230","72,030","20,261,202","75","75","75","970,573","0075","0000","1205P",,"K","F","390","DUMONT AVE",,"0","408","F2",,"BBBBBBB","ALL","ALL","GRAY","0","2015","-","0",,,,,"20","2026"
"1,490,065,945","E53UKW","NJ","PAS","07/10/2026 12:00:00 AM","98","SUBN","JEEP","P","17,230","32,200","12,410","20,260,430","9","9","9","979,526","0009","0000","0754A","0750A",,"F","730","E 12 STREET",,"20,260,710","408","C4",,"BBBBBBB","ALL","ALL","GRAY","0","2021","-","0",,,,,"20","2026"
"1,489,091,798","T734913C","NY","PAS","07/11/2026 12:00:00 AM","46","TAXI","TOYOT","P","64,720","26,670","26,700","20,260,331","44","44","44","979,954","0044","0000","0739P","0737P","BX","F","1240","SHERMAN AVE",,"20,260,711","408","F1",,"BBBBBBB","ALL","ALL","BLK","0","2019","-","0",,,,,"20","2026"
"1,499,882,439","B989176","ME","PAS","07/11/2026 12:00:00 AM","78","DELV",,"P","63,290","21,370","56,013","20,220,228","116","116","116","966,035","0116","0000","1245A",,"Q","F","121-07","SPRINGFIELD BLVD",,"0","408","E3",,"BBBBBBB","ALL","ALL",,"0","0","-","0",,,,,"20","2026"
"1,501,240,602","KUY9345","NY","PAS","07/11/2026 12:00:00 AM","40","SUBN","BMW","P","42,730","58,730","23,330","20,260,230","79","79","79","980,536","0079","0000","0730P",,"K","F","1368","FULTON ST",,"0","408","F7",,"BBBBBBB","ALL","ALL","BLK","0","2025","-","0",,,,,"20","2026"
"1,491,639,325","LXR1921","NY","PAS","07/11/2026 12:00:00 AM","17",,"ME/BE","Y","67,730","14,880","62,930","20,270,610","60","60","976","100,079","0976","0000","0839A",,,"F","2601","OCEAN PKWY",,"0","408","C4",,"BBBBBBB","0700A","0700P","GREY","0","0","-","0",,,,,"20","2026"
"1,496,830,386","K25SRZ","NJ","PAS","07/12/2026 12:00:00 AM","20","SDN","CHEVR","K","46,850","46,100","47,150","88,888,888","122","122","5","160,356","0005","0000","0220P",,"R","F","280","FATHER CAPODANNO BLV",,"0","408","E1",,"BBBBBBB","ALL","ALL","GLD","0","0","-","0",,,,,"20","2026"
"1,496,092,776","LKA1326","NY","PAS","07/13/2026 12:00:00 AM","67","SDN","HONDA","P","67,390","35,780","5,790","20,260,410","114","114","114","973,136","0114","0000","0905A",,"Q","F","11-33","WELLING COURT",,"0","408","5",,"BBBBBBB","ALL","ALL","GREEN","0","2002","-","0",,,,,"20","2026"
"1,496,829,074","LLF1621","NY","PAS","07/13/2026 12:00:00 AM","27","SUBN","TOYOT","K","23,904","25,680","21,950","20,260,623","120","120","5","160,486","0005","0000","0525P",,"R","I",,"CLOVE LAKE PARK",,"0","408","F6",,"BBBBBBB","ALL","ALL","GRY","0","2021","-","0",,,,,"20","2026"
"1,498,040,767","M44SHS","NJ","PAS","07/13/2026 12:00:00 AM","40","SDN","HONDA","P","37,492","18,950","44,430","20,260,420","69","69","69","974,550","0069","0000","0441A","0440A",,"O","619","EAST 76 STREET",,"20,260,713","408","C",,"BBBBBBB","ALL","ALL","GRAY","0","2020","-","0",,,,,"20","2026"
"1,500,057,812","24402MA","NY","PAS","07/13/2026 12:00:00 AM","78","VAN","FORD","P","10,080","42,630","6,080","20,261,031","68","68","68","963,788","0068","0000","1034P",,"K","F","920","71 ST",,"0","408","C4",,"BBBBBBB","ALL","ALL",,"0","0","-","0",,,,,"20","2026"
"1,498,936,039","LKN5165","NY","PAS","07/14/2026 12:00:00 AM","40","SUBN","ROLLS","P","42,330","58,200","24,245","20,260,324","84","84","84","979,757","0084","0000","0149P",,"K","F","70","FRONT ST",,"0","408","F2",,"BBBBBBB","ALL","ALL","GREEN","0","2024","-","0",,,,,"20","2026"
"1,501,653,428","LPW0518","PA","PAS","07/14/2026 12:00:00 AM","14","SUBN","JEEP","P","9,840","51,690","50,890","88,888,888","110","110","110","955,004","0110","0000","0905A",,"Q","F","89-11","43 AVE",,"0","408","F2",,"YYYYYBB","0700A","0400P","BK","0","0","-","0",,,,,"20","2026"
"1,473,252,647","KBG1576","NY","PAS","07/15/2026 12:00:00 AM","22","SDN","INFIN","P","16,150","23,130","21,690","20,260,930","5","5","5","963,034","0005","0000","1150A","1149A","NY","F","13","CROSBY ST",,"20,250,715","408","C",,"BBBBBBB","ALL","ALL","WH","0","2019","-","0",,,,,"20","2026"
"1,504,108,723","LUM6164","NY","OMT","07/16/2026 12:00:00 AM","50","SUBN","CHEVR","P","58,730","82,030","63,030","20,270,212","79","79","79","983,073","0079","0000","1106","1106A",,"F","569","MARCY AVE",,"20,260,716","408","E2",,"bbbbbbb","ALL","ALL","BLK","0","2025","-","0",,,,,,"2026"
"1,425,974,636","98329NF","NY","COM","07/16/2026 12:00:00 AM","67","VAN","CHEVR","P","51,020","60,320","17,420","20,270,331","45","45","45","959,146","0045","0000","1120A",,"Q","F","2825","MILES AVE",,"0","408","D4",,"bbbbbbb","ALL","ALL","WHITE","0","2020","-","0",,,,,,"2026"
"1,493,379,586","JGS4256","NY","PAS","07/16/2026 12:00:00 AM","14","P-U","RAM","P","34,240","57,970","55,450","20,261,101","100","100","100","976,886","0100","0000","0205A",,"Q","F","121-16","BEACH 121 ST",,"0","408","F2",,"BBBBBBB","ALL","ALL","GRY","0","2024","-","0",,,,,"20","2026"
"1,499,406,563","893BG7","NY","MOT","07/16/2026 12:00:00 AM","74",,,"P","0","0","0","20,260,430","33","33","33","943,441","0033","0000","0923P",,"NY","I",,"I/S RIVERSIDE PK","W 150","0","408","C",,"BBBBBBB","ALL","ALL",,"0","0","-","0",,,,,"20","2026"
"1,499,407,300","LUE8135","NY","PAS","07/16/2026 12:00:00 AM","14","VAN","FORD","P","37,170","12,010","0","20,260,120","33","33","33","978,463","0033","0000","0529P",,"K","I",,"W 170 ST","AUDUBON AVE","0","408","C",,"BBBBBBB","ALL","ALL",,"0","0","-","0",,,,,"20","2026"
"1,501,577,554","KZM4920","NY","PAS","07/16/2026 12:00:00 AM","40","SUBN","MAZDA","P","67,620","22,240","9,130","20,261,118","43","43","43","980,143","0043","0000","1243A",,"BX","F","1435","TAYLOR AVE",,"0","408","C",,"BBBBBBB","ALL","ALL","BL","0","2014","-","1",,,,,"20","2026"
"1,498,747,190","LLL7537","NY","PAS","07/17/2026 12:00:00 AM","46","SDN","INFIN","P","36,130","0","0","20,260,927","28","28","28","970,666","0028","0000","0840A",,"NY","O",,"W 118 ST","8TH AVE N/W","0","408","C3",,"BBBBBBB","ALL","ALL","BLU","0","2018","-","0",,,,,"20","2026"
"1,504,223,366","FSH8887","NY","PAS","07/18/2026 12:00:00 AM","51","SUBN","INFIN","P","20,790","53,490","21,340","20,271,017","106","106","106","937,877","0106","0000","1250P",,,"F","119-20","115 AVE",,"0","408","E2",,"bbbbbbb","ALL","ALL","WH","0","2005","-","0",,,,,"20","2026"
"1,502,095,956","2AG853","RI","PAS","07/18/2026 12:00:00 AM","46","SUBN","VOLKS","P","77,150","49,170","47,520","88,888,888","49","49","49","976,900","0049","0000","0758P",,"BX","F","2130","WHITE PLAINS RD",,"0","408","F1",,"bbbbbbb","ALL","ALL","BLK","0","0","-","0",,,,,"20","2026"
"1,486,257,010","1AL56J","MA","IRP","07/18/2026 12:00:00 AM","18","BUS","VANHO","P","13,610","12,670","26,630","20,260,630","1","1","401","948,053","0401","0000","1016A",,"NY","F","25","BROADWAY",,"0","408","C3",,"BBBBBBB","ALL","ALL","WH","0","2001","-","0",,,,,"20","2026"
"1,473,349,126","M40NRX","NJ","PAS","07/19/2026 12:00:00 AM","14",,"JEEP","P","18,070","10,010","32,090","20,260,620","17","17","17","976,045","0017","0000","0519P",,,"F","405","EAST 54 STREET",,"0","408","E2",,"BBBBBBB","ALL","ALL","BLK","0","2001","-","0",,,,,"20","2026"
"1,497,692,660","KGH4347","NY","PAS","07/19/2026 12:00:00 AM","40","SUBN","AUDI","P","0","40,404","40,404","20,261,222","120","120","120","974,234","0120","0000","0140A",,"R","F","33","KIMBERLY AVE",,"0","408","C",,"BBBBBBB","ALL","ALL","BLK","0","2024","-","0",,,,,"20","2026"
"1,500,406,120","T139927C","NY","PAS","07/19/2026 12:00:00 AM","46",,"TOYOT","P","10,810","36,390","36,410","88,888,888","32","32","32","980,749","0032","0000","0157A",,,"F","2447","8 AVE",,"0","408","E2",,"BBBBBBB","ALL","ALL","BLK","0","0","-","0",,,,,"20","2026"
"1,498,563,144","W35VVE","NJ","PAS","07/20/2026 12:00:00 AM","74","SUBN","ROVER","P","78,050","61,220","53,520","88,888,888","49","49","49","978,161","0049","0000","0218A","0218A","BX","F","1952","WILLIAMSBRIDGE ROAD",,"20,260,720","408","F1",,"bbbbbbb","ALL","ALL","BLK","0","2018","-","0",,,,,"20","2026"
"1,501,509,068","T672241C","NY","PAS","07/20/2026 12:00:00 AM","14","SUBN","FSKR","P","37,550","11,710","0","20,260,531","34","34","34","970,961","0034","0000","0813P",,,"I",,"190 ST","AMSTERDAM AVE","0","408","C",,"BBBBBBB","ALL","ALL","WHT","0","2023","-","0",,,,,"20","2026"
"1,504,474,090","MVS3865","PA","PAS","07/22/2026 12:00:00 AM","40","SDN","NISSA","P","20,530","94,830","89,530","20,260,331","76","76","76","947,228","0076","0000","0712A",,"K","O","178","BOND ST",,"0","408","C",,"bbbbbbb","ALL","ALL","BK","0","0","-","0",,,,,"20","2026"
"1,500,511,146","LLX6508","PA","PAS","07/22/2026 12:00:00 AM","17","SUBN","ACURA","P","29,220","17,520","22,320","20,260,131","48","48","43","942,673","0043","0000","1246P",,"BX","F","696","E FORDHAM",,"0","408","C4",,"BBBBBBB","ALL","ALL","GY","0","2007","-","0",,,,,"20","2026"
"1,501,223,471","KPM4185","NY","PAS","07/22/2026 12:00:00 AM","53","SUBN","HONDA","P","47,530","81,725","41,330","20,270,226","90","90","90","918,899","0090","0000","0828P",,"K","F","203","HARRISON PL",,"0","408","C",,"BBBBBBB","ALL","ALL","BK","0","2019","-","0",,,,,"20","2026"
"1,489,210,052","T746796C","NY","PAS","07/23/2026 12:00:00 AM","60","SUBN","ACUA","P","64,620","26,550","26,580","20,260,731","44","44","44","970,973","0044","0000","0949A","0949A","BX","F","943","SHERIDAN AVE",,"0","408","D1",,"BBBBBBB","ALL","ALL",,"0","0","-","0",,,,,"20","2026"
"1,473,346,344","C63RCW","NJ","PAS","07/24/2026 12:00:00 AM","14","SDN","VOLKS","P","18,010","10,210","10,110","20,260,701","17","17","17","968,552","0017","0000","0634A",,,"I","255","EAST 51 ST",,"0","408","C",,"BBBBBBB","ALL","ALL","WHITE","0","2009","-","0",,,,,"20","2026"
"1,497,688,115","HEP8964","NY","PAS","07/24/2026 12:00:00 AM","98","P-U","FORD","P","43,850","40,604","27,200","20,260,113","122","122","122","969,038","0122","0000","0830P","0825P","R","O","115","PRESCOTT AVE",,"20,260,724","408","C",,"BBBBBBB","ALL","ALL","GREY","0","2013","-","0",,,,,"20","2026"
"1,497,845,014","TAA2313","MS","PAS","07/24/2026 12:00:00 AM","21","SUBN","AUDI","P","0","0","0","88,888,888","63","63","63","968,678","0063","0000","0144A",,"K","O","1697","KAHON AVE",,"0","408","K6",,"BBBBBBB","ALL","ALL","GRY","0","0","-","0",,,,,"20","2026"
"1,499,686,675","LGK2931","NY","999","07/24/2026 12:00:00 AM","98","SDN","NISSA","P","15,180","5,430","46,140","20,260,125","78","78","78","973,603","0078","0000","0322P","1522P","K","F","668","BALTIC STREET",,"0","408","C",,"BBBBBBB","ALL","ALL","RED","0","2011","-","0",,,,,"20","2026"
"1,500,027,832","KEE1620","NY","PAS","07/24/2026 12:00:00 AM","70","SDN","VOLVO","P","90,330","25,330","93,530","20,240,719","83","83","83","979,562","0083","0000","1149A",,"K","F","215","WEIRFIELD",,"0","408","F2",,"BBBBBBB","ALL","ALL","BLK","0","2016","-","0",,,,,"20","2026"
"1,500,589,305","CDF3232","NY","PAS","07/24/2026 12:00:00 AM","19","SUBN","HONDA","P","13,610","24,990","16,140","20,260,712","1","1","1","964,803","0001","0000","1148A","1148A","NY","O","160","BROADWAY",,"20,250,724","408","C",,"BBBBBBB","ALL","ALL","BLUE","0","2024","-","0",,,,,"20","2026"
"1,493,374,965","TDX1244","VA","PAS","07/25/2026 12:00:00 AM","98","SDN","NISSA","P","37,390","30,540","30,590","20,260,331","101","101","101","979,451","0101","0000","1155P",,"Q","F","28-22","BROOKHAVEN AVE",,"0","408","F2",,"BBBBBBB","ALL","ALL","GRY","0","2021","-","0",,,,,"20","2026"
"1,499,776,380","MRB3509","PA","PAS","07/25/2026 12:00:00 AM","98","SUBN","HONDA","P","9,140","19,190","19,540","20,251,031","115","115","115","962,256","0115","0000","0848A",,,"F","100-13","39 AVE",,"0","408","E2",,"BBBBBBB","ALL","ALL","GRAY","0","0","-","0",,,,,"20","2026"
"1,326,043,109","KYF7199","NY","PAS","07/26/2026 12:00:00 AM","51","SUBN","NISSA","P","21,590","6,790","6,940","20,261,204","109","109","109","942,524","0109","0000","0430A",,"Q","F","22-14","124 ST",,"0","408","C",,"BBBBBBB","ALL","ALL","BLK","0","2016","-","0",,,,,"20","2026"
"1,326,044,540","51341MG","NY","COM","07/26/2026 12:00:00 AM","78","VAN","ME/BE","P","28,590","23,180","56,390","20,270,331","109","109","109","974,903","0109","0000","0240A",,,"F","149-40","ASH AVE",,"0","408","C3",,"BBBBBBB","ALL","ALL",,"0","2011","-","0",,,,,"20","2026"
"1,326,044,552","H59VXH","NJ","PAS","07/26/2026 12:00:00 AM","41","SDN","VOLKS","P","46,610","39,490","52,390","20,260,630","109","109","109","974,903","0109","0000","0217A",,"Q","F","137-55","GERANIUM AVE",,"0","408","K6",,"BBBBBBB","ALL","ALL","WHT","0","2007","-","0",,,,,"20","2026"
"1,491,706,855","M65UPA","NJ","PAS","07/26/2026 12:00:00 AM","14","SDN","KIA","K","55,960","12,550","12,550","20,260,120","45","45","2","160,549","0002","0000","0454P",,"BX",,"1","ORCHARD BEACH ROAD",,"0","408","E3",,"BBBBBBB","ALL","ALL","SILVE","0","2011","-","0",,,,,"20","2026"
"1,498,666,930","Y100856C","NY","OMT","07/26/2026 12:00:00 AM","10","TAXI","NISSA","K","33,190","25,190","31,990","20,260,331","6","6","1","161,207","0001","0000","0953P",,"NY","O","40","WASHINGTON SQUARE SO",,"0","408","F2",,"BBBBBBB","ALL","ALL","YLW","0","2017","-","0",,,,,"20","2026"
"1,499,227,085","KZF5907","NY","PAS","07/26/2026 12:00:00 AM","99","SUBN","HONDA","P","27,270","12,020","22,320","20,270,308","48","48","48","980,791","0048","0000","0340A",,"BX","F","714","E 187 ST",,"0","408","J2",,"BBBBBBB","ALL","ALL","RED","0","2008","-","0",,,,,"20","2026"
"1,501,514,702","G22NPU","NJ","PAS","07/26/2026 12:00:00 AM","46","SDN","NISSA","P","36,730","11,710","13,610","0","30","30","30","976,501","0030","0000","0955A",,,"F","553","W 148 STREET",,"0","408","D",,"BBBBBBB","ALL","ALL","GRAY","0","0","-","0",,,,,"20","2026"
"1,501,593,134","HWT2813","NY","PAS","07/26/2026 12:00:00 AM","98","SUBN","NISSA","P","63,020","76,950","63,420","20,260,126","45","45","45","974,824","0045","0000","1126P",,"BX","F","3102","SANDS PL",,"0","408","E2",,"BBBBBBB","ALL","ALL","BK","0","2022","-","0",,,,,"20","2026"
"1,501,241,400","LJF2774","NY","PAS","07/26/2026 12:00:00 AM","67","SUBN","TOYOT","P","43,330","82,930","73,190","20,260,417","79","79","79","980,629","0079","0000","0405A","0405A","K","O","784","GATES AVENUE",,"20,250,726","408","F1",,"BBBBBBB","ALL","ALL","RED","0","2014","-","0",,,,,"20","2026"
"1,493,957,983","C44VHW","NJ","PAS","07/27/2026 12:00:00 AM","40","SDN","TOYOT","P","44,750","10,575","10,575","20,260,130","121","121","121","973,438","0121","0000","1140A",,"R","F","2655","RICHMOND AVE",,"0","408","D3",,"BBBBBBB","ALL","ALL",,"0","2010","-","0",,,,,"20","2026"
"1,493,958,008","KKT5322","NY","PAS","07/27/2026 12:00:00 AM","27","SDN",,"P","44,750","10,575","10,575","20,270,504","121","121","121","975,430","0121","0000","0625P",,"R","F","2655","RICHMOND AVE",,"0","408","F6",,"BBBBBBB","ALL","ALL","BLUE","0","2010","-","0",,,,,"20","2026"
"1,496,099,345","KMM3544","PA","PAS","07/27/2026 12:00:00 AM","14","SDN","SUBAR","P","12,440","17,340","17,540","20,261,031","104","104","104","976,345","0104","0000","0933A",,"Q","I","8519","60 AVE",,"0","408","F2",,"BBBBBBB","ALL","ALL",,"0","0","-","0",,,,,"20","2026"
"1,498,998,630","TJD5238","99","PAS","07/27/2026 12:00:00 AM","46","SDN","VA","P","8,640","0","0","20,260,531","114","114","114","941,284","0114","0000","0450A",,,,,"35 ST","STEINWAY","0","408","C3",,"BBBBBBB","ALL","ALL",,"0","0","-","0",,,,,"20","2026"
"1,499,009,082","B16SUH","NJ","PAS","07/27/2026 12:00:00 AM","40","SDN","KIA","P","9,640","28,790","7,240","88,888,888","114","114","114","947,398","0114","0000","0300A",,"Q","F","24-04","41 ST",,"0","408","C3",,"BBBBBBB","ALL","ALL","BK","0","0","-","0",,,,,"20","2026"
"1,501,950,162","T28UUW","NJ","PAS","07/27/2026 12:00:00 AM","46","SDN","KIA","P","36,270","10,410","24,690","0","28","28","28","979,173","0028","0000","0302P",,"NY","F","11","W 125TH ST",,"0","408","F1",,"BBBBBBB","ALL","ALL","BLK","0","0","-","0",,,,,"20","2026"
"1,501,950,174","3984598","NE","PAS","07/27/2026 12:00:00 AM","46","SUBN","LEXUS","P","36,270","24,690","10,610","0","28","28","28","979,173","0028","0000","0305P",,"NY","F","114","W 125TH",,"0","408","F1",,"BBBBBBB","ALL","ALL","RED","0","0","-","0",,,,,"20","2026"
"1,501,950,186","V83SRA","NJ","PAS","07/27/2026 12:00:00 AM","46","SUBN","ROVER","P","0","0","0","0","28","28","28","979,173","0028","0000","0431P",,"NY","F","118","W1 25TH ST",,"0","408","F1",,"BBBBBBB","ALL","ALL","BLK","0","0","-","0",,,,,"20","2026"
"1,493,947,643","HJX1597","NY","PAS","07/28/2026 12:00:00 AM","27","SUBN","TOYOT","P","44,750","10,575","10,575","20,260,715","121","121","121","975,430","0121","0000","0522P",,,"F","2655","RICHMOND AVE",,"0","408","J2",,"BBBBBBB","ALL","ALL",,"0","2021","-","0",,,,,"20","2026"
"1,495,474,409","LSR4201","NY","PAS","07/28/2026 12:00:00 AM","14","SDN","TOYOT","P","27,540","10,020","49,420","20,261,113","52","52","52","955,068","0052","0000","1108A",,"BX","F","330","E 196 ST",,"0","408","C",,"BBBBBBB","ALL","ALL","GRY","0","2010","-","0",,,,,"20","2026"
"1,497,870,630","KWS3562","NY","OMT","07/28/2026 12:00:00 AM","14","SDN","HONDA","P","63,430","69,230","13,490","20,260,517","88","88","88","980,718","0088","0000","1202A","1200A","K","F","81","N PORTLAND AVE",,"20,260,728","408","C",,"BBBBBBB","ALL","ALL","BLK","0","2019","-","0",,,,,"20","2026"
"1,501,553,707","KZW4630","NY","PAS","07/28/2026 12:00:00 AM","24","SDN","TESLA","P","36,290","11,710","27,390","20,261,209","26","26","26","971,448","0026","0000","1201A",,"NY","F","540","WEST 126 ST",,"0","408","E2",,"BBBBBBB","ALL","ALL","BLK","0","2023","-","0",,,,,"20","2026"
"1,499,834,950","KXN9568","NY","PAS","07/29/2026 12:00:00 AM","14",,"TOYOT","P","13,990","28,990","67,490","20,260,519","112","112","112","976,017","0112","0000","0144A",,"Q","I","98-07","67 AVE",,"0","408","E2",,"BBBBBBB","ALL","ALL","GOLD","0","2001","-","0",,,,,"20","2026"
"1,499,273,125","MTX8872","PA","PAS","07/29/2026 12:00:00 AM","98","SDN","VOLKS","P","67,530","14,780","14,830","20,260,228","61","61","61","963,676","0061","0000","0500P",,"K","F","2855","OCEAN AVENUE",,"0","408","F2",,"BBBBBBB","ALL","ALL","BLACK","0","2019","-","0",,,,,"20","2026"
"1,500,748,742","AU186B","NJ","PAS","07/30/2026 12:00:00 AM","74","DELV","VOLVO","P","23,250","25,090","25,140","20,260,820","116","116","116","968,028","0116","0000","0926P",,"Q","O","182-30","150 RD",,"0","408","J2",,"BBBBBBB","ALL","ALL","RED","0","2016","-","0",,,,,"20","2026"
"1,485,691,801","HWZ7628","NY","PAS","07/31/2026 12:00:00 AM","17","SUBN","GMC","O","80,330","26,730","67,047","20,260,311","77","77","0","0","COTA","0000","0726A","0700A","K","F","541","ST JOHNS PLACE",,"20,260,731","408","C4",,"YYYYYBB","0700A","0700P","SIL","0","2005","-","0",,,,,"20","2026"
"1,501,209,218","LKF8359","NY","PAS","07/31/2026 12:00:00 AM","40","SDN","CHEVR","P","18,090","8,190","57,790","20,260,623","115","115","115","963,072","0115","0000","0120A",,"Q","F","32-22","89 ST",,"0","408","F2",,"BBBBBBB","ALL","ALL","OR","0","2006","-","0",,,,,"20","2026"
"1,488,611,889","KYD3363","NY","PAS","07/31/2026 12:00:00 AM","98","SUBN","PORSC","P","9,730","6,280","6,380","20,260,809","68","68","68","962,798","0068","0000","0855P",,"K","F","1267","63 ST",,"0","408","C4",,"BBBBBBB","ALL","ALL","WH","0","2020","-","0",,,,,"20","2026"
"1,502,982,640","T748128C","NY","OMT","07/31/2026 12:00:00 AM","40","SUBN","IESLA","P","16,490","8,790","61,090","20,260,731","115","115","0","974,237","01l5","0000","0815P","0815P",,"F","37-14","79 ST",,"20,260,731","408","F2",,"bbbbbbb","ALL","ALL","BLACK","0","2023","-","0",,,,,,"2026"
"1,457,776,900","A0BM2NY","AL","PAS","08/01/2026 12:00:00 AM","98","SUBN","TOYOT","P","19,120","55,720","18,520","20,260,131","43","43","43","973,175","0043","0000","0520A",,,"F","2126","CHATTERTON AVE",,"0","408","E2",,"BBBBBBB","ALL","ALL","WHITE","0","2026","-","0",,,,,"20","2026"
"1,489,179,343","W91VWW","NJ","PAS","08/01/2026 12:00:00 AM","40","VAN","CHRYS","P","36,420","26,340","26,400","20,260,620",,"0","44","970,973","0044","0000","0858P",,"BX","F","780","GRAND CONCOURSE",,"0","408","E2",,"BBBBBBB","ALL","ALL",,"0","0","-","5",,,,,"20","2026"
"1,500,845,826","KFK7527","NY","PAS","08/01/2026 12:00:00 AM","40","SDN","CHRYS","P","11,030","28,230","73,330","20,261,014","68","68","68","962,798","0068","0000","1145P",,"K","F","137","89 ST",,"0","408","E2",,"BBBBBBB","ALL","ALL","RED","0","2015","-","0",,,,,"20","2026"
"1,502,955,751","UCM6430","VA","PAS","08/02/2026 12:00:00 AM","41","SUBN","KIA","P","26,550","67,820","0","20,270,731","44","44","44","982,573","0044","0000","0515P","0505P",,"F",,"E 163","TELLER AVE","20,260,802","408","F2",,"bbbbbbb","ALL","ALL",,"0","0","-","0",,,,,,"2026"
"1,492,845,231","KYD7485","PA","PAS","08/02/2026 12:00:00 AM","40","SDN","ME/BE","P","26,070","15,720","65,620","20,260,501","40","40","0","970,627","PSA7","0000","0245P","2245P","BX","O","550","E 147 ST",,"20,260,802","408","J2",,"BBBBBBB","ALL","ALL","WHITE","0","0","-","0",,,,,"20","2026"
"1,500,541,734","KYN4613","NY","PAS","08/02/2026 12:00:00 AM","98","SUBN","ME/BE","P","21,620","28,860","10,620","20,261,004","47","47","47","964,568","0047","0000","1208P",,"BX","F","723","CRANFORD AVE",,"0","408","99",,"BBBBBBB","ALL","ALL","BLK","0","2018","-","0",,,,,"20","2026"
"1,498,753,061","KWE6715","NY","PAS","08/02/2026 12:00:00 AM","14","SDN","AUDI","P","15,410","36,210","24,490","20,260,519","26","26","26","976,106","0026","0000","0905A",,"NY","F","170","CLAREMONT AVE",,"0","408","K2",,"BBBBBBB","ALL","ALL","BLA","0","2017","-","0",,,,,"20","2026"
"1,494,818,966","KXD2728","NY","PAS","08/02/2026 12:00:00 AM","19","SUBN","TOYOT","P","83,630","67,730","18,950","20,260,523","60","60","67","960,883","0067","0000","0346P",,"K","F","243","SURF AVE",,"0","408","F7",,"BBBBBBB","ALL","ALL",,"0","0","-","0",,,,,,"2026"
"1,503,370,914","MBG3886","NY","PAS","08/03/2026 12:00:00 AM","40","SDN",,"P","46,730","83,330","55,530","20,271,208","81","81","81","973,507","0081","0000","0322A",,,"F","417A","HALSEY ST",,"0","408","J6",,"bbbbbbb","ALL","ALL","BLK","0","2026","-","0",,,,,"20","2026"
"1,492,098,176","LKW8746","NY","PAS","08/03/2026 12:00:00 AM","74","SDN","ME/BE","P","23,290","5,760","5,940","20,260,807","109","109","109","980,991","0109","0000","1149P",,"Q","F","12-41","150 STREET",,"0","408","J2",,"BBBBBBB","ALL","ALL","BL","0","2011","-","0",,,,,"20","2026"
"1,498,294,560","KHN7895","NY","PAS","08/03/2026 12:00:00 AM","14","SUBN","TOYOT","P","32,940","0","0","20,261,126","100","100","100","957,499","0100","0000","0522P",,"NY",,,"B 88 ST","SHORE FT N/S","0","408","E2",,"BBBBBBB","ALL","ALL","SILVE","0","0","-","0",,,,,"20","2026"
"1,500,893,742","KZY1677","NY","PAS","08/03/2026 12:00:00 AM","46","SUBN","SUBAR","P","64,230","90,730","90,780","20,261,120","60","60","60","967,020","0060","0000","0104P",,"K","F","532","NEPTUNE AVENUE",,"0","408","E9",,"BBBBBBB","ALL","ALL","WHT","0","2017","-","0",,,,,"20","2026"
"1,500,924,957","LVA4673","NY","PAS","08/03/2026 12:00:00 AM","14","SUBN","VOLVO","P","90,880","76,330","70,165","20,270,310","60","60","282","932,511","0282","0000","0428P",,"K","F","2951","WEST 8 STREET",,"0","408","C",,"BBBBBBB","ALL","ALL","BLUE","0","2019","-","0",,,,,,"2026"
"1,494,518,661","LPU9844","NY","PAS","08/04/2026 12:00:00 AM","98","SDN","HONDA","P","36,890","39,610","37,390","20,261,117","101","101","101","965,438","0101","0000","0235A",,,"F","552","BRIAR PL",,"0","408","E2",,"BBBBBBB","ALL","ALL","BLUE","0","2009","-","0",,,,,"20","2026"
"1,501,233,312","KYZ6049","NY","PAS","08/04/2026 12:00:00 AM","20","SUBN","PORSC","P","59,530","83,330","55,530","20,261,102","81","81","81","978,702","0081","0000","1000A","1000A","K","F","243","MACDONOUGH ST",,"20,260,804","408","F1",,"YBBYBBB","0900A","1030A","BLK","0","2021","-","0",,,,,"20","2026"
"1,500,565,490","A10RBG","NJ","PAS","08/05/2026 12:00:00 AM","40","SDN","HONDA","P","52,120","29,020","27,540","0","52","52","52","978,413","0052","0000","0156A",,"BX","F","2675","MORRIS AVE",,"0","408","C",,"BBBBBBB","ALL","ALL","GRY","0","2003","-","0",,,,,"20","2026"
"1,500,966,551","RAC0031","MI","PAS","08/05/2026 12:00:00 AM","40","SUBN","HONDA","P","23,920","29,430","27,750","0","52","52","52","978,413","0052","0000","0342A",,"BX","F","3085","DECATUR AVE",,"0","408","E2",,"BBBBBBB","ALL","ALL","BLK","0","0","-","0",,,,,"20","2026"
"1,500,966,563","HLS1139","PA","PAS","08/05/2026 12:00:00 AM","14","SUBN","FORD","P","27,540","10,020","49,420","0","52","52","52","978,413","0052","0000","0247A",,"BX","F","330","E 196 ST",,"0","408","E2",,"BBBBBBB","ALL","ALL","SILVE","0","0","-","0",,,,,"20","2026"
"1,500,966,575","RDM9110","NC","PAS","08/05/2026 12:00:00 AM","14","SUBN","TOYOT","P","49,420","27,540","27,570","20,240,215","52","52","52","978,413","0052","0000","0222A",,"BX","F","2718","MARION AVE",,"0","408","C",,"BBBBBBB","ALL","ALL","TAN","0","0","-","0",,,,,"20","2026"
"1,501,592,385","LRP9760","NY","PAS","08/05/2026 12:00:00 AM","46","SUBN","NISSA","P","63,010","29,620","22,240","20,261,130","45","45","45","965,911","0045","0000","0702P",,"BX","F","2916","SAMPSON AVE",,"0","408","F1",,"BBBBBBB","ALL","ALL","WHITE","0","2021","-","0",,,,,"20","2026"
"1,498,425,641","LLY4911","NY","PAS","08/06/2026 12:00:00 AM","20",,,"P","34,130","10,610","10,810","20,261,112","10","10","10","967,070","0010","0000","1148P","1148P",,"F","217","WEST 18",,"0","408","C",,"bbbbbbb","ALL","ALL",,"0","0","-","0",,,,,"20","2026"
"1,503,119,099","BV86927","CT","PAS","08/06/2026 12:00:00 AM","99","SUBN","NISSA","P","18,540","40,404","40,404","88,888,888","108","108","108","911,056","0108","0000","0808P",,"Q",,"59-19","93 AVE",,"0","408","E2",,"bbbbbbb","ALL","ALL","WHITE","0","2017","-","0",,,,,"20","2026"
"1,493,927,735","KVX5232","NY","PAS","08/06/2026 12:00:00 AM","50","SDN","HONDA","P","28,135","29,795","44,675","20,260,322","121","121","121","967,201","0121","0000","0451A",,"R","O","24","FARRAGUT",,"0","408","F2",,"BBBBBBB","ALL","ALL",,"0","0","-","0",,,,,"20","2026"
"1,495,876,627","KDW5155","NY","PAS","08/06/2026 12:00:00 AM","98","SDN","ME/BE","P","73,310","73,350","42,730","20,260,708","75","75","75","975,337","0075","0000","1215A",,"K","F","136","RICHMOND ST",,"0","408","K6",,"BBBBBYB","ALL","ALL","BLK","0","2019","-","0",,,,,"20","2026"
"1,485,379,520","LVS9601","NY","PAS","08/07/2026 12:00:00 AM","41","SDN","KIA","P","0","13,610","0","20,270,428","18","18","161","973,533","0161","0000","0553P",,"NY","O",,"W 46","BROADWAY","0","408","C",,"BBBBBBB","ALL","ALL","BLK","0","2015","-","0",,,,,"20","2026"
"1,497,706,701","EMA8507","NY","PAS","08/07/2026 12:00:00 AM","14","SDN","TOYOT","P","17,600","15,650","54,515","20,260,928","123","123","123","977,572","0123","0000","0100A",,"R","F","15","BAYVIEW AVE",,"0","408","C",,"BBBBBBB","ALL","ALL","RD","0","2009","-","0",,,,,"20","2026"
"1,499,932,819","BLANKPLATE","99","999","08/07/2026 12:00:00 AM","70","SDN","NISSA","P","16,490","17,390","51,090","20,260,818","102","102","102","969,997","0102","0000","0849A",,"Q","F","86-41","79 STREET",,"0","408","F7",,"BBBBBBB","ALL","ALL","BLK","0","2008","-","0",,,,,"20","2026"
"1,499,999,288","26497BT","NY","COM","08/07/2026 12:00:00 AM","77",,"ICRP","P","67,030","47,630","72,830","20,260,228","79","79","79","980,619","0079","0000","0940P",,"K","F","193","NOSTRAND AVE",,"0","408","E5",,"BBBBBBB","ALL","ALL","YEL","0","0","-","0",,,,,"20","2026"
"1,492,007,122","KXG8538","NY","PAS","08/08/2026 12:00:00 AM","50","SDN","ME/BE","P","42,785","39,017","0","20,260,602","111","111","111","975,074","0111","0000","0421P",,"Q",,,"DOUGLASTON PKWY","CHURCH ST","0","408","F2",,"BBBBBBB","ALL","ALL",,"0","0","-","0",,,,,"20","2026"
"1,492,007,134","JPG7246","NY","PAS","08/08/2026 12:00:00 AM","98","SDN","TOYOT","P","25,690","35,780","10,140","20,260,125","111","111","111","975,074","0111","0000","0347P",,"Q","F","43-34","195 ST",,"0","408","E5",,"BBBBBBB","ALL","ALL","GRAY","0","2017","-","0",,,,,"20","2026"
"1,498,297,973","LHZ5213","NY","PAS","08/08/2026 12:00:00 AM","14","SDN","NISSA","P","0","40,404","40,404","20,250,327","100","100","100","968,358","0100","0000","1155P",,"Q","O","107-10","SHRE FT PKWY",,"0","408","J2",,"BBBBBBB","ALL","ALL","GY","0","2023","-","0",,,,,"20","2026"
"1,500,514,779","KYM2602","NY","PAS","08/08/2026 12:00:00 AM","40","SDN","AUDI","P","0","40,404","40,404","20,260,808","49","49","49","978,275","0049","0000","0445A","0445A","BX","F","1027","NEIL AVE",,"20,260,808","408","J2",,"BBBBBBB","ALL","ALL","BLK","0","2017","-","0",,,,,"20","2026"
"1,498,751,568","LM3097","IN","PAS","08/08/2026 12:00:00 AM","20","SDN","DODGE","P","36,330","15,910","11,710","88,888,888","26","26","26","972,890","0026","0000","0130A",,,"O","449","W 128 ST",,"0","408","F1",,"BBBBBBB","ALL","ALL","WHT","0","2012","-","0",,,,,"20","2026"
"1,502,015,584","BX52296","CT","PAS","08/09/2026 12:00:00 AM","40","SUBN","CHEVR","P","37,190","21,190","22,590","20,290,211","33","33","33","953,568","0033","0000","0838P",,"NY","F","711","W 171 ST",,"0","408","F1",,"bbbbbbb","ALL","ALL","BLACK","0","0","-","0",,,,,"20","2026"
"1,502,629,793","78687RW","SC","PAS","08/09/2026 12:00:00 AM","46","SUBN","BMW","P","35,580","12,330","19,630","88,888,888","70","70","70","981,055","0070","0000","0834A",,"K","F","180","EAST 17TH STREET",,"0","408","F2",,"bbbbbbb","ALL","ALL","BROWN","0","0","-","0",,,,,"20","2026"
"1,499,999,290","LSW9195","NY","PAS","08/09/2026 12:00:00 AM","77","SUBN","LEXUS","P","41,930","31,530","54,130","20,261,227","79","79","79","980,619","0079","0000","0106A","0106A","K","F","297-301","FRANKLIN AVENUE",,"20,260,809","408","F1",,"BBBBBBB","ALL","ALL","BLK","0","0","-","0",,,,,"20","2026"
"1,497,688,127","LVC8872","NY","PAS","08/10/2026 12:00:00 AM","46","SDN","AUDI","P","34,600","26,150","47,000","20,260,424","122","122","122","957,145","0122","0000","0926P",,"R","O","219","JEFFERSON ST",,"0","408","C",,"BBBBBBB","ALL","ALL","BK","0","2024","-","0",,,,,"20","2026"
"1,501,086,443","LJP2482","NY","PAS","08/10/2026 12:00:00 AM","17","SDN","BMW","P","75,970","37,730","0","20,260,404","69","69","69","938,967","0069","0000","0932P",,"K","I",,"SEAVIEW AVE","E 88TH ST","0","408","C4",,"BBBBBBB","ALL","ALL","GRY","0","2004","-","0",,,,,"20","2026"
"1,484,980,128","X41VPL","NJ","PAS","08/11/2026 12:00:00 AM","74","SUBN","BMW","9","73,720","26,910","26,940","20,260,320","48","48","837","0","0837","0000","0236A",,,,"1828","WEBSTER AVE",,"0","408","J2",,"BBBBBBB","ALL","ALL",,"0","0","-","0",,,,,"20","2026"
"1,500,998,345","LNB6492","NY","PAS","08/11/2026 12:00:00 AM","46",,"JEEP","P","52,720","51,620","0","20,261,126","46","46","46","979,812","0046","0000","0232P",,"BX","F",,"MT HOPE PL","MONROE AVE","0","408","F1",,"BBBBBBB","ALL","ALL","BLK","0","0","-","0",,,,,"20","2026"
"1,500,999,908","T114047C","NY","COM","08/11/2026 12:00:00 AM","17","TAXI","TOYOT","P","0","40,404","40,404","20,260,430","46","46","46","980,860","0046","0000","0446A",,"BX","F","2112","VALENTINE",,"0","408","C4",,"BBBBBBB","ALL","ALL","GRY","0","2023","-","0",,,,,"20","2026"
"1,501,555,327","JPU8304","NY","PAS","08/11/2026 12:00:00 AM","17","SUBN","ME/BE","P","36,270","13,113","11,710","20,260,610","26","26","26","972,488","0026","0000","0826A",,"NY","O","430","WEST 125 STREET",,"0","408","K2",,"BBBBBBB","ALL","ALL","BK","0","2014","-","0",,,,,"20","2026"
"1,496,230,255","HJW1947","NY","PAS","08/12/2026 12:00:00 AM","40","SDN","NISSA","O","26,520","64,720","36,620","20,260,817","44","44","44","100,124","BCHJ","0000","1025A",,"BX","F","239","E 162 ST",,"0","408","E2",,"bbbbbbb","ALL","ALL","GRAY","0","2007","-","0",,,,,"20","2026"
"1,497,696,975","45613NC","NY","COM","08/12/2026 12:00:00 AM","78","VAN","FORD","P","48,980","15,490","47,837","20,251,231","120","120","120","977,391","0120","0000","0112A",,,"F","283","ST JOHNS AVE",,"0","408","F2",,"BBBBBBB","ALL","ALL",,"0","0","-","0",,,,,"20","2026"
"1,497,697,001","11238NF","NY","COM","08/12/2026 12:00:00 AM","78","VAN","FORD","P","48,980","15,490","47,837","20,260,731","120","120","120","977,391","0120","0000","0112A",,"R","F","283","ST JOHNS AVE",,"0","408","K6",,"BBBBBBB","ALL","ALL",,"0","2024","-","0",,,,,"20","2026"
"1,497,011,607","LAC7733","NY","OMT","08/12/2026 12:00:00 AM","17","SUBN","JEEP","M","17,870","25,390","32,670","20,261,230","16","16","968","271,497","0968","0000","0723A",,"NY","F","51","E 44 ST",,"0","408","C4",,"BBBBBBB","ALL","ALL","BK","0","2027","-","0",,,,,"20","2026"
"1,497,011,619","KZR7803","NY","PAS","08/12/2026 12:00:00 AM","17","SDN","HONDA","M","17,870","25,390","32,670","20,270,130","16","16","968","271,497","0968","0000","0725A",,"NY","F","51","E 44 ST",,"0","408","C4",,"BBBBBBB","ALL","ALL","SILVE","0","2019","-","0",,,,,"20","2026"
"1,500,320,018","HFP6229","NY","PAS","08/12/2026 12:00:00 AM","50","SUBN","HONDA","P","72,430","5,880","72,630","20,260,406","72","72","72","970,161","0072","0000","0814P",,"K","F","482","PROSPECT AVE",,"0","408","E2",,"BBBBBBB","ALL","ALL","W","0","2001","-","0",,,,,,"2026"
"1,497,555,462","LFL4320","NY","PAS","08/13/2026 12:00:00 AM","46","SUBN","TOYOT","M","61,090","0","0","20,260,102","109","109","968","253,064","0968","0000","0456P","0456P","Q","F","133-35","ROOSEVELT AVE",,"20,260,813","408","C4",,"BBBBBBB","ALL","ALL","BLK","0","2022","-","0",,,,,"20","2026"
"1,501,265,349","KXZ6115","NY","PAS","08/13/2026 12:00:00 AM","40","SUBN","JEEP","P","54,100","29,930","75,230","20,260,725","83","83","83","967,974","0083","0000","0305A",,"K","F","839","KNICKERBOCKER AVE",,"0","408","E2",,"BBBBBBB","ALL","ALL","WH","0","2012","-","0",,,,,"20","2026"
"1,502,039,990","541TYD","KY","PAS","08/13/2026 12:00:00 AM","20","SDN","HONDA","P","29,690","40,404","40,404","20,260,131","33","33","33","953,568","0033","0000","0937P",,"NY","O","1771","RIVERSIDE DRIVE",,"0","408","C",,"BBBBBBB","ALL","ALL","GY","0","2004","-","0",,,,,"20","2026"
"1,502,040,001","U24SDJ","NJ","PAS","08/13/2026 12:00:00 AM","40","SDN","SUBAR","P","29,690","13,113","36,890","20,260,630","33","33","33","953,568","0033","0000","0944P",,"NY","O","788","RIVERSIDE DRIVE",,"0","408","D",,"BBBBBBB","ALL","ALL","GY","0","2013","-","0",,,,,"20","2026"
"1,499,047,265","LJG1847","NY","PAS","08/13/2026 12:00:00 AM","40","SUBN","NISSA","P","9,780","5,430","5,580","20,260,219","72","72","72","979,799","0072","0000","0148A",,"K","F","457","64 ST",,"0","408","D5",,"BBBBBBB","ALL","ALL","GRY","0","2021","-","0",,,,,,"2026"
"1,501,603,863","GG4","NY","PAS","08/14/2026 12:00:00 AM","45","SUBN","ME/BE","P","55,960","12,550","12,550","20,250,917","45","45","163","971,002","0163","0000","0445P",,"BX",,"1","ORCHARD BEACH RD",,"0","408","D1",,"BBBBBBB","ALL","ALL","BLUE","0","2017","-","0",,,,,"20","2026"
"1,491,491,887","98083ND","NY","COM","08/14/2026 12:00:00 AM","74",,,"P","10,410","18,550","18,570","20,270,331","19","19","19","973,218","0019","0000","0639P",,"NY","O","973","5TH AVE",,"0","408","E2",,"BBBBBBB","ALL","ALL","W","0","2006","-","0",,,,,"20","2026"
"1,496,112,453","LVE6729","NY","PAS","08/14/2026 12:00:00 AM","17","SUBN","JEEP","O","36,420","26,400","0","20,260,930","44","44","0","0","BXSC","0000","0836A","0830A","BX","O","857","GRAND CONCOURSE","158TH ST","20,260,814","408","F6",,"YYYYYBB","0800A","1800P","BLK","0","2005","-","0",,,,,"20","2026"
"1,502,150,244","ZYV1150","PA","PAS","08/14/2026 12:00:00 AM","46","TRUC","CHEVR","N","63,820","12,550","12,550","20,260,331","52","52","52","960,174","0052","0000","1133A",,"BX","F","2605","SEDGWICK AVE",,"0","408","D1",,"BBBBBBB","ALL","ALL","B","0","2007","-","0",,,,,"20","2026"
"1,502,150,256","XRH6069","PA","PAS","08/14/2026 12:00:00 AM","20","TRAI",,"N","70,620","74,810","76,550","88,888,888","52","52","52","956,444","0052","0000","1151A",,"BX","F","2553","UNIVERSITY AVE",,"0","408","F1",,"YBBYBBB","1130A","0100P","GRY","0","0","-","0",,,,,"20","2026"
"1,501,271,532","LKH5028","NY","PAS","08/14/2026 12:00:00 AM","38","DELV","GMC","P","8,980","5,580","5,680","20,260,320","72","72","72","967,919","0072","0000","1215P",,"K","O","505","48 ST",,"0","408","E3",,"BBBBBBB","ALL","ALL","YELLO","0","0","-","0",,,,,,"2026"
"1,326,072,237","MIK8188","NY","PAS","08/15/2026 12:00:00 AM","51","SDN","ME/BE","P","36,400","22,340","22,490","20,260,315","109","109","109","973,616","0109","0000","1006P","1006P","Q","F","136-20","BOOTH MEMORIAL",,"20,260,815","408","D",,"BBBBBBB","ALL","ALL","GRY","0","2021","-","0",,,,,"20","2026"
"1,491,522,057","WBC4683","TX","PAS","08/15/2026 12:00:00 AM","46","SDN","TOYOT","P","37,230","12,010","31,190","88,888,888","33","33","162","953,591","0162","0000","0541P",,,"F","571","W 173 ST",,"0","408","E2",,"BBBBBBB","ALL","ALL","GRAY","0","0","-","0",,,,,"20","2026"
"1,490,678,402","EKM3483","NY","PAS","08/16/2026 12:00:00 AM","14","SDN","VOLKS","P","29,440","40,404","40,404","20,260,814","1","1","1","962,648","0001","0000","0431P",,,"F","377","RECTOR ST",,"0","408","E3",,"BBBBBBB","ALL","ALL","GREY","0","2001","-","0",,,,,"20","2026"
"1,492,877,475","LJA2040","NY","PAS","08/16/2026 12:00:00 AM","19","SUBN","JEEP","P","20,390","14,010","22,890","20,260,131","7","7","7","974,486","0007","0000","0831P",,"NY","O","1","ESSEX ST",,"0","408","E2",,"BBBBBBB","ALL","ALL","BLK","0","2023","-","0",,,,,"20","2026"
"1,501,566,908","KYH3522","NY","PAS","08/16/2026 12:00:00 AM","46","SUBN","HYUND","P","49,020","73,420","76,950","20,260,829","43","43","43","980,841","0043","0000","1218A",,,"F","1104","MANOR AVE",,"0","408","F1",,"BBBBBBB","ALL","ALL","GRY","0","2019","-","0",,,,,"20","2026"
"1,489,561,330","MYF6619","PA","PAS","08/16/2026 12:00:00 AM","46","SDN","NISSA","N","37,630","0","0","20,260,630","69","69","69","979,608","0069","0000",,,"K","I",,"EAST 86 STREET","SEAVIEW","0","408","K6",,"BBBBBBB","ALL","ALL","WHT","0","2014","-","0",,,,,,"2026"
"1,501,566,891","NAOMI07","NY","999","08/17/2026 12:00:00 AM","46","SUBN","TOYOT","P","31,720","73,420","76,950","20,260,331","43","43","43","980,841","0043","0000","0110A","0110A",,"F","1186","EVERGREEN AVE",,"20,260,817","408","F1",,"BBBBBBB","ALL","ALL",,"0","2023","-","0",,,,,"20","2026"
"1,501,576,598","TES3786","VA","PAS","08/17/2026 12:00:00 AM","67","SUBN","HONDA","P","20,890","0","0","0","43","43","43","979,884","0043","0000","0326A",,"BX","F",,"COMMERCE AVE","SEABURY","0","408","F1",,"BBBBBBB","ALL","ALL","BLK","0","1997","-","0",,,,,"20","2026"
"1,498,296,282","HDE5974","NY","PAS","08/17/2026 12:00:00 AM","14","SDN","INIT","P","0","0","0","20,260,317","100","100","100","966,657","0100","0000","115 A",,"Q",,,"S/E CORNER B 100","SFP","0","408","C",,"BBBBBBB","ALL","ALL","GY","0","2003","-","0",,,,,"20","2026"
"1,498,296,397","HZK1917","NY","PAS","08/17/2026 12:00:00 AM","14","SDN","SUBAR","P","62,200","33,240","33,290","20,260,527","100","100","100","966,657","0100","0000","1232P",,"Q","O","95-16","SHORE FRONT PKY",,"0","408","C",,"BBBBBBB","ALL","ALL",,"0","0","-","0",,,,,"20","2026"
"1,502,102,675","MCG7888","PA","PAS","08/17/2026 12:00:00 AM","46",,"MINI","P","48,220","42,820","42,120","20,260,731","44","44","44","980,782","0044","0000","0736P",,"BX","F","1460","MACOMBS RD",,"0","408","F1",,"BBBBBBB","ALL","ALL","BLU","0","2008","-","0",,,,,"20","2026"
"1,491,894,350","LNR5224","NY","PAS","08/18/2026 12:00:00 AM","40","SUBN","HYUND","P","58,420","51,010","77,850","20,261,116","45","45","45","976,594","0045","0000","0136A",,"BX","O","1970","PILGRIM AVE",,"0","408","D",,"BBBBBBB","ALL","ALL","BLK","0","2024","-","0",,,,,"20","2026"
"1,502,109,270","Y22VVT","NJ","PAS","08/18/2026 12:00:00 AM","20",,"ME/BE","P","53,820","12,550","75,195","0","50","50","50","975,080","0050","0000","0340P",,"BX","F","5535","NETHERLAND AVE",,"0","408","F2",,"BBBBBBB","ALL","ALL",,"0","2025","-","0",,,,,"20","2026"
"1,499,473,813","KFP9701","NY","PAS","08/18/2026 12:00:00 AM","46","SUBN","HONDA","P","10,810","36,050","36,070","20,260,901","28","28","28","973,858","0028","0000","1035P",,"NY","F","2119","8 AVE",,"0","408","F1",,"BBBBBBB","ALL","ALL","BLK","0","2023","-","0",,,,,"20","2026"
"1,500,747,324","XMTN20","NJ","PAS","08/18/2026 12:00:00 AM","99","TK","FRUEH","N","43,130","25,150","22,700","20,260,220","116","116","116","970,455","0116","0000","0240P",,"Q","F","184-58","EDGEWOOD AV",,"0","408","J3",,"BBBBBBB","ALL","ALL","WHT","0","2013","-","0",,,,,"20","2026"
"1,500,750,219","28DJZH","FL","PAS","08/18/2026 12:00:00 AM","85",,"FRUEH","P","43,130","25,150","22,700","20,241,231","116","116","116","958,967","0116","0000","0246P",,,"I","184-58","EDGEWOOD AVE",,"0","408","J3",,"BBBBBBB","ALL","ALL","WHITE","0","0","-","0",,,,,"20","2026"
"1,497,846,572","LTF6182","NY","PAS","08/18/2026 12:00:00 AM","46","SDN","TOYOT","P","40,930","40,404","40,404","20,261,229","62","62","63","969,581","0063","0000","1151P",,"K","F","20 62","FLATBUSH AVE",,"0","408","E2",,"BBBBBBB","ALL","ALL",,"0","2026","-","0",,,,,,"2026"
"1,503,041,888","DAP9100","NY","PAS","08/19/2026 12:00:00 AM","21","SDN","LEXUS","P","12,130","32,030","0","20,260,822","79","79","79","983,886","0079","0000","0855A",,"K",,,"ALBANY AVE","DECATUR ST","0","408","E2",,"YbbYbbb","0800A","0930A","BLUE","0","2025","-","0",,,,,,"2026"
"1,473,347,026","XRAY34","NJ","PAS","08/19/2026 12:00:00 AM","78","TRUC","WORKH","N","17,650","10,010","0","20,260,701","17","17","17","975,687","0017","0000","0120A","0120A","NY","F",,"EAST 33 STREET","1 AVENUE","0","408","E9",,"YYYYYBB","0900A","1700P","WHITE","0","2001","-","0",,,,,"20","2026"
"1,502,812,538","BA37052","CT","PAS","08/20/2026 12:00:00 AM","19","SDN","TOYOT","P","64,290","7,540","7,790","88,888,888","114","114","114","981,882","0114","0000","1156A","1156A","Q","F","28-02","STEINWAY ST",,"20,250,820","408","E2",,"bbbbbbb","ALL","ALL","BLUE","0","2011","-","0",,,,,"20","2026"
"1,490,892,370","LKN1586","99","PAS","08/20/2026 12:00:00 AM","14","SUBN","RIVIA","P","20,730","58,330","59,640","20,260,506","94","94","94","969,832","0094","0000","0212P",,"K","F","77","BOX STREET",,"0","408","C",,"BBBBBBB","ALL","ALL","GRY","0","2024","-","0",,,,,,"2026"
"1,500,715,712","AH69724","PA","PAS","08/21/2026 12:00:00 AM","14","TT","VOLVO","P","49,690","42,785","27,108","20,260,531","105","105","105","949,775","0105","0000","0930P",,"Q","F","236-02","HILLSIDE AVE",,"0","408","5",,"BBBBBBB","ALL","ALL","WHITE","0","2022","-","0",,,,,"20","2026"
"1,501,996,460","KJJ7573","NY","PAS","08/21/2026 12:00:00 AM","40","SUBN","NISSA","N","10,010","18,850","18,870","20,261,223","15","15","19","976,543","0019","0000","1029A",,,"F","1830","1ST AVE",,"0","408","E2",,"BBBBBBB","ALL","ALL","GY","0","0","-","10",,,,,"20","2026"
"1,494,140,755","MBM8648","PA","PAS","08/22/2026 12:00:00 AM","46","SDN","ACURA","P","70,720","29,120","29,120","20,261,231","46","46","46","981,144","0046","0000","0821P",,"BX","F","2000","VALENTINE AVE",,"0","408","F1",,"BBBBBBB","ALL","ALL",,"0","0","-","0",,,,,"20","2026"
"1,496,282,930","K85VPY","NY","PAS","08/22/2026 12:00:00 AM","67","SDN","HONDA","P","63,190","6,950","28,500","20,260,420","47","47","808","976,383","0808","0000","0500P",,"BX","F","1920","SCHIEFFELIN AVE",,"0","408","F2",,"BBBBBBB","ALL","ALL","BLACK","0","2024","-","0",,,,,"20","2026"
"1,500,588,738","T116560C","NY","PAS","08/22/2026 12:00:00 AM","20",,"FORD","N","13,465","31,610","12,950","20,260,630","1","1","1","972,983","0001","0000","1100A",,,"F","1","BOWLING GREEN",,"0","408","D",,"BBBBBBB","ALL","ALL","WHITE","0","2022","-","0",,,,,"20","2026"
"1,500,999,842","T676633C","NY","PAS","08/22/2026 12:00:00 AM","21","SDN","TOYOT","P","70,720","27,060","27,090","20,260,531","46","46","46","980,860","0046","0000","0141A",,"BX","O","2110","VALENTINE AVE",,"0","408","C4",,"BBBBBBB","ALL","ALL","GRY","0","2020","-","0",,,,,"20","2026"
"1,501,556,423","JDN8570","NY","PAS","08/22/2026 12:00:00 AM","14","SUBN","NISSA","P","15,410","36,210","24,490","20,261,031","26","26","26","975,221","0026","0000","0345P",,"NY","F","170","CLAREMONT AVE",,"0","408","C",,"BBBBBBB","ALL","ALL","GRY","0","2018","-","0",,,,,"20","2026"
"1,501,556,435","CE68986","NY","TRL","08/22/2026 12:00:00 AM","66",,"WELLC","P","36,330","31,390","15,910","20,231,231","26","26","26","975,221","0026","0000","0440P",,"NY","F","400","WEST 128 STREET",,"0","408","C",,"BBBBBBB","ALL","ALL","ORG","0","1997","-","0",,,,,"20","2026"
"1,502,553,508","CAT0304","NY","PAS","08/22/2026 12:00:00 AM","40","SUBN","HONDA","P","49,420","27,270","27,300","20,260,504","46","46","46","981,329","0046","0000","0048A",,,"O","2430","MARION AVE",,"0","408","D1",,"BBBBBBB","ALL","ALL","GRY","0","2008","-","0",,,,,"20","2026"
"1,498,294,431","LAN5819","NY","PAS","08/23/2026 12:00:00 AM","14","SUBN","INFIN","P","0","0","0","20,250,428","100","100","100","957,499","0100","0000","0254P",,,,"204","E 79 ST",,"0","408","J2",,"BBBBBBB","ALL","ALL","W","0","0","-","0",,,,,"20","2026"
"1,499,227,450","T142822C","NY","COM","08/25/2026 12:00:00 AM","40","SUBN","TOYOT","P","0","40,404","40,404","20,260,531","48","48","48","980,899","0048","0000","0256A",,"BX","F","2290","CAMBERLING AVE",,"0","408","F2",,"BBBBBBB","ALL","ALL","GRAY","0","2025","-","0",,,,,"20","2026"
"1,500,999,854","LNW1297","NY","PAS","08/25/2026 12:00:00 AM","46","SUBN","HYUND","P","73,820","26,910","26,940","20,260,801","46","46","46","980,860","0046","0000","0247A",,"BX","F","1824","WEEKS AVENUE",,"0","408","J3",,"BBBBBBB","ALL","ALL","GRY","0","2007","-","0",,,,,"20","2026"
"1,501,547,951","JBX7383","NY","PAS","08/25/2026 12:00:00 AM","17","SUBN","CHEVR","P","18,950","10,210","10,110","20,260,822","23","23","23","958,550","0023","0000","0240P",,"NY","F","216","E 99 ST",,"0","408","E5",,"BBBBBBB","ALL","ALL","WHITE","0","0","-","0",,,,,"20","2026"
"1,500,349,355","KEM6026","NY","PAS","08/25/2026 12:00:00 AM","14","SUBN","JEEP","P","20,530","24,830","5,080","20,260,811","76","76","76","972,161","0076","0000","0546A","0534A","K","F","363","BOND STREET",,"20,260,825","408","E2",,"BBBBBBB","ALL","ALL","WH","0","2019","-","0",,,,,,"2026"
"1,502,357,161","LPJ7716","NY","PAS","08/25/2026 12:00:00 AM","40","SDN","HONDA","P","10,530","6,880","6,980","20,260,901",,"0","62","974,422","0062","0000","0845P",,"K","F","1853","79 STREET",,"0","408","F2",,"BBBBBBB","ALL","ALL","WHITE","0","2022","-","0",,,,,,"2026"
"1,482,771,184","740684","DE","PAS","08/26/2026 12:00:00 AM","40","SDN","BMW","P","32,200","18,950","70,330","20,210,506","75","75","75","968,385","0075","0000","1237P",,,"O","1305","DELMAR LOOP",,"0","408","D",,"BBBBBBB","ALL","ALL","WH","0","2012","-","0",,,,,"20","2026"
"1,498,683,873","KFD4964","NY","PAS","08/26/2026 12:00:00 AM","20","SDN","TOYOT","K","0","36,390","0","20,261,027","112","112","3","160,078","0003","0000","0153P",,"Q","F",,"RUSSELL SAGE PLGND","BOOTH ST","0","408","C",,"BBBBBBB","ALL","ALL","BK","0","2011","-","0",,,,,"20","2026"
"1,501,448,481","937BFV","SC","PAS","08/26/2026 12:00:00 AM","46","SDN","AUDI","C","31,400","30,370","12,550","20,260,331","45","45","0","100,580","CCPD","0000","0710P",,"BX","F","100","ERDMAN PLACE",,"0","408","C",,"BBBBBBB","ALL","ALL","BLUE","0","0","-","0",,,,,"20","2026"
"1,501,449,540","LEU4630","NY","PAS","08/26/2026 12:00:00 AM","14","SUBN","MITSU","C","30,370","41,720","12,550","20,250,914","45","45","0","100,374","CCPD","0000","0756P",,"BX",,,"R/O 99 EINSTEIN LOOP",,"0","408","J9",,"BBBBBBB","ALL","ALL","WHITE","0","2024","-","0",,,,,"20","2026"
"1,502,261,819","THK4913","VA","PAS","08/26/2026 12:00:00 AM","14","VAN","HONDA","P","27,225","18,040","51,090","20,260,630","105","105","105","949,775","0105","0000","1105P",,"Q","F","89-12","249 STREET",,"0","408","5",,"BBBBBBB","ALL","ALL","GRAY","0","2005","-","0",,,,,"20","2026"
"1,502,405,428","LHR7676","99","PAS","08/26/2026 12:00:00 AM","40","SUBN","TOYOT","P","64,290","7,240","7,540","20,260,705","115","115","115","981,911","0115","0000","0945P","0942P","Q","F","2587","STEINWAY ST",,"0","408","C",,"BBBBBBB","ALL","ALL","BLK","0","2016","-","2",,,,,"20","2026"
"1,500,396,801","DNC552","IN","PAS","08/27/2026 12:00:00 AM","21","SUBN","CHEVR","P","58,190","48,290","54,090","20,260,814","104","104","104","963,488","0104","0000","0107A",,"Q","F","601","ONDERDONK AVE",,"0","408","E2",,"BBBBBBB","ALL","ALL",,"0","0","-","0",,,,,"20","2026"
"1,500,396,813","2231ND","NY","COM","08/27/2026 12:00:00 AM","78","VAN","ME/BE","P","45,490","39,890","14,240","20,260,430","104","104","104","963,480","0104","0000","1254A",,"Q","F","6722","FOREST AVE",,"0","408","D1",,"BBBBBBB","ALL","ALL",,"0","2020","-","0",,,,,"20","2026"
"1,501,448,389","S2355135","GA","PAS","08/27/2026 12:00:00 AM","46","SDN","NISSA","C","7,830","9,600","23,800","20,250,912","45","45","0","100,084","CCPD","0000","1011P",,"BX","F","100","ALCOTT PLACE",,"0","408","J9",,"BBBBBBB","ALL","ALL","BLK","0","0","-","0",,,,,"20","2026"
"1,501,932,354","FDV9230","NY","PAS","08/27/2026 12:00:00 AM","33","P-U","TOYOT","Y","93,830","64,830","23,330","20,260,804","71","71","976","102,039","0976","0000","0922A",,"K","F","444","WINTHROP ST",,"0","408","C4",,"BBBBBBB","ALL","ALL","GRAY","0","2008","-","0",,,,,"20","2026"
"1,502,110,179","LSM2368","NY","PAS","08/27/2026 12:00:00 AM","14","SUBN","BMW","P","36,820","75,122","75,125","20,261,218","50","50","50","976,871","0050","0000","0942A",,,,"3901","GREYSTONE AVE",,"0","408","D",,"BBBBBBB","ALL","ALL",,"0","0","-","0",,,,,"20","2026"
"1,502,226,091","KTG2499","NY","PAS","08/27/2026 12:00:00 AM","98","SDN","NISSA","P","19,960","24,940","25,050","20,260,323","103","103","103","946,364","0103","0000","1019P",,"Q","F","177-28","106 RD",,"0","408","J2",,"BBBBBBB","ALL","ALL",,"0","0","-","0",,,,,"20","2026"
"1,502,226,108","KNS8547","NY","PAS","08/27/2026 12:00:00 AM","98","SDN","SUBAR","P","24,240","20,140","20,240","20,270,604","103","103","103","946,364","0103","0000","0810P",,"Q","O","108-13","164 ST",,"0","408","F2",,"BBBBBBB","ALL","ALL",,"0","0","-","0",,,,,"20","2026"
"1,502,297,577","KMF9418","NY","PAS","08/27/2026 12:00:00 AM","40","SUBN","FORD","P","21,590","19,340","19,590","20,270,325","102","102","102","968,601","0102","0000","0958P",,"Q","F","101-52","124 ST",,"0","408","F2",,"BBBBBBB","ALL","ALL","BLUE","0","2012","-","0",,,,,"20","2026"
"1,502,068,114","GBB9784","NY","PAS","08/27/2026 12:00:00 AM","46","SUBN","MAZDA","P","6,380","9,130","9,180","20,260,729","66","66","66","960,452","0066","0000","0411P",,"K","O","5118","13TH AVE",,"0","408","F2",,"BBBBBBB","ALL","ALL","RED","0","2018","-","0",,,,,,"2026"
"1,504,503,818","LNE4141","NY","PAS","08/28/2026 12:00:00 AM","16","SUBN","CHRYS","P","74,630","5,280","5,430","20,260,828","78","78","78","970,242","0078","0000","1222P",,"K","F","621","SACKETT STREET",,"0","408","C",,"YYYYYbb","0JA","0600P","GRAY","0","2024","-","0",,,,,"20","2026"
"1,502,555,414","LVA3600","NY","PAS","08/28/2026 12:00:00 AM","40","SDN","NISSA","P","27,090","70,720","68,420","20,270,603","46","46","46","981,243","0046","0000","1238A","1238A",,"F",,"I/F/O 317 E 181 ST",,"20,250,828","408","E2",,"BBBBBBB","ALL","ALL","BLK","0","2007","-","0",,,,,"20","2026"
"1,502,054,498","HWG8112","NY","PAS","08/28/2026 12:00:00 AM","46","SDN","TOYOT","P","28,830","13,830","29,630","20,260,516","66","66","66","960,452","0066","0000","0605P",,"K","F","736","CONEY IS AVE",,"0","408","99",,"BBBBBBB","ALL","ALL","GY","0","2007","-","0",,,,,,"2026"
"1,501,972,625","KYP5023","NY","PAS","08/29/2026 12:00:00 AM","40",,"HONDA","P","14,220","73,420","76,950","20,280,219","43","43","43","982,603","0043","0000","1220A","1220A",,"F","1111","BOYNTON AVE",,"20,260,829","408","F1",,"bbbbbbb","ALL","ALL","GRAY","0","2022","-","0",,,,,"20","2026"
"1,501,972,637","FN59480","99","PAS","08/29/2026 12:00:00 AM","40","SDN","HYUND","P","73,420","30,420","14,220","20,260,806","43","43","43","982,603","0043","0000","1215A","1215A",,"F","1533","WATSON AVE",,"20,260,829","408","E2",,"bbbbbbb","ALL","ALL","GRAY","0","2012","-","0",,,,,"20","2026"
"1,501,087,307","MWW2337","PA","PAS","08/29/2026 12:00:00 AM","46","SDN","TOYOT","P","41,030","37,510","37,515","20,260,430","69","69","62","980,218","0062","0000","0915P","0905P","K","F","80-27","FLATLANDS AVE",,"20,260,829","408","F1",,"BBBBBBB","ALL","ALL",,"0","2011","-","0",,,,,"20","2026"
"1,501,205,936","T665257C","NY","OMT","08/29/2026 12:00:00 AM","40","SUBN","CADIL","N","11,790","61,090","9,840","20,260,430","108","108","108","976,656","0108","0000","0628A",,"Q","F","41-50","56 ST",,"0","408","E2",,"BBBBBBB","ALL","ALL","BLK","0","2025","-","0",,,,,"20","2026"
"1,501,894,730","LLA8371","NY","PAS","08/29/2026 12:00:00 AM","22","SDN","KIA","P","34,730","10,510","10,610","20,260,612","18","18","18","979,519","0018","0000","0033A",,,"F","159","W 48 ST",,"0","408","C",,"BBBBBBB","ALL","ALL",,"0","0","-","0",,,,,"20","2026"
"1,502,228,002","KXC9573","NY","PAS","08/29/2026 12:00:00 AM","67","VAN","DODGE","P","0","0","0","20,260,803","103","103","103","946,364","0103","0000","1210A",,"Q","I",,"S/W/C/O PINEGROVE ST","FERNDALE AVE","0","408","K6",,"BBBBBBB","ALL","ALL",,"0","0","-","0",,,,,"20","2026"
"1,502,426,456","JLV1810","NY","PAS","08/29/2026 12:00:00 AM","46","SUBN","HONDA","N","64,290","7,790","7,990","20,250,902","114","114","114","981,911","0114","0000","1111P","1110P","Q","F","3062","STEINWAY ST",,"20,260,829","408","E2",,"BBBBBBB","ALL","ALL","GRY","0","2007","-","0",,,,,"20","2026"
"1,501,760,828","KQ895G","FL","PAS","08/30/2026 12:00:00 AM","14","SDN","FORD","A","97,530","0","0","20,260,619","115","115","302","49,960","0302","0000","0322P",,"Q",,,"LGA","TERMINAL C ARRIVALS","0","408","J6",,"BBBBBBB","ALL","ALL","BLK","0","2013","-","0",,,,,"20","2026"
"1,501,964,847","JEF5017","NY","PAS","08/30/2026 12:00:00 AM","21","SDN","NISSA","P","0","40,404","40,404","20,261,227","50","50","30","970,130","0030","0000","0315A",,"NY","F","571","RIVERSIDE DR",,"0","408","F1",,"BBBBBBB","ALL","ALL",,"0","0","-","0",,,,,"20","2026"
"1,502,552,942","AM68107","CT","PAS","08/30/2026 12:00:00 AM","67","SDN","ACURA","P","17,020","36,420","0","20,260,227","46","46","46","981,144","0046","0000","1244A",,"BX",,,"BUSH","GRAND CONCOURSE","0","408","D",,"BBBBBBB","ALL","ALL","TAN","0","2006","-","0",,,,,"20","2026"
"1,500,925,032","18102NA","NY","COM","08/31/2026 12:00:00 AM","40","VAN","ME/BE","P","67,830","22,480","22,530","20,260,831","60","60","60","972,053","0060","0000","0727P",,"K","O","1070","OCEANVIEW AVE",,"0","408","E2",,"BBBBBBB","ALL","ALL","WH","0","2019","-","2",,,,,"20","2026"
"1,447,937,776","LHV1176","NY","PAS","08/31/2026 12:00:00 AM","67","SUBN","FORD","P","24,970","43,110","17,790","20,260,225","103","103","102","979,117","0102","0000","0641P",,"Q","F","87-23","178 ST",,"0","408","J3",,"BBBBBBB","ALL","ALL","WHT","0","2020","-","0",,,,,"20","2026"
"1,498,296,660","LLL8615","NY","PAS","08/31/2026 12:00:00 AM","40","SDN","DODGE","P","33,390","62,200","60,790","20,260,817","100","100","100","972,230","0100","0000","0314P",,"Q","F","161","B 98 ST",,"0","408","E2",,"BBBBBBB","ALL","ALL","WHITE","0","2020","-","0",,,,,"20","2026"
"1,498,992,924","LHC2014","NY","PAS","08/31/2026 12:00:00 AM","46","SDN","NISSA","P","28,790","9,640","9,790","20,260,131","114","114","114","981,914","0114","0000","0335A",,"Q","F","41-18","ASTORIA BLVD S",,"0","408","C3",,"BBBBBBB","ALL","ALL","GRY","0","2010","-","0",,,,,"20","2026"
"1,499,201,485","AZ503V","NJ","PAS","08/31/2026 12:00:00 AM","78","TK","VOLVO","P","26,940","22,320","0","20,260,630","48","48","48","962,555","0048","0000","1140P",,"BX",,,"E 176 ST","CROTONA AVE","0","408","E2",,"BBBBBBB","ALL","ALL","WH","0","2014","-","0",,,,,"20","2026"
"1,499,221,502","GSA2712","NY","PAS","08/31/2026 12:00:00 AM","14","SDN","CADIL","P","0","40,404","40,404","20,261,001","49","49","49","969,492","0049","0000","0458P",,"BX","F","1543","STILWELL AVE",,"0","408","K6",,"BBBBBBB","ALL","ALL","WH","0","2024","-","0",,,,,"20","2026"
"1,501,533,903","LRC4306","NY","PAS","08/31/2026 12:00:00 AM","46","SDN","HONDA","P","11,010","37,670","37,690","20,260,825","34","34","34","981,267","0034","0000","0325A",,"NY","F","3856","10TH AVE",,"0","408","F1",,"BBBBBBB","ALL","ALL","GRY","0","0","-","0",,,,,"20","2026"
"1,502,226,054","KPU8868","NY","PAS","08/31/2026 12:00:00 AM","74",,"FORD","P","55,590","49,230","20,140","20,270,817","103","103","103","946,364","0103","0000","0939P",,"Q","F","107-65","MERRICK BLVD",,"0","408","E3",,"BBBBBBB","ALL","ALL",,"0","0","-","0",,,,,"20","2026"
"1,490,897,537","LPW7675","NY","PAS","08/31/2026 12:00:00 AM","46","SUBN","ACURA","P","81,430","86,630","73,430","20,261,118","77","77","77","981,499","0077","0000","0807P",,"K","F","1460","STERLING PL",,"0","408","C",,"BBBBBBB","ALL","ALL","GREY","0","2008","-","0",,,,,,"2026"
"1,501,756,450","LHM7252","NY","PAS","08/31/2026 12:00:00 AM","20","SUBN","CHEVR","P","83,730","76,430","70,330","20,260,112","75","75","75","966,293","0075","0000","0857A",,"K","F","625","SUTTER AVE",,"0","408","E2",,"BBBBBBB","ALL","ALL","WH","0","2022","-","0",,,,,,"2026"
"1,500,630,378","LNR1484","NY","PAS","09/01/2026 12:00:00 AM","71","SDN","BMW","P","41,450","45,235","48,400","20,260,901","120","120","120","981,859","0120","0000","0748P",,"R","F","55","BOWEN STREET",,"0","408","E2",,"bbbbbbb","ALL","ALL","WHT","0","2021","-","0",,,,,,"2026"
"1,489,221,992","LXJ6294","NY","PAS","09/01/2026 12:00:00 AM","98","SUBN","JEEP","P","26,700","20,720","32,820","20,270,616","44","44","44","966,070","0044","0000","0137A","0906P","BX","F","288","E 168 ST",,"20,260,901","408","F1",,"BBBBBBB","ALL","ALL","WHI","0","2025","-","0",,,,,"20","2026"
"1,496,289,602","KDR5019","NY","PAS","09/01/2026 12:00:00 AM","71","SUBN","MITSU","P","62,420","60,520","64,220","20,260,915","43","43","808","981,386","0808","0000","0902P",,"NY",,"615","ROSEDALE AVE",,"0","408","J6",,"BBBBBBB","ALL","ALL","BLK","0","2016","-","0",,,,,"20","2026"
"1,502,551,652","AC55884","CT","PAS","09/01/2026 12:00:00 AM","67","SDN","HONDA","P","27,120","72,720","0","0","46","46","46","980,378","0046","0000","0216A","0216A","BX","F",,"E 182 ST","WALTON AVE","20,260,901","408","F1",,"BBBBBBB","ALL","ALL","RED","0","0","-","0",,,,,"20","2026"
"1,502,551,664","MJH5620","PA","PAS","09/01/2026 12:00:00 AM","40","SDN","SUBAR","P","52,120","17,700","0","20,260,228","46","46","46","980,378","0046","0000","0226A","0226A","BX","F",,"MORRIS AVE","CAMERON PL","20,260,901","408","F7",,"BBBBBBB","ALL","ALL","WHITE","0","0","-","0",,,,,"20","2026"
"1,502,955,635","LUE5289","NY","PAS","09/02/2026 12:00:00 AM","40","SUBN","HONDA","P","20,720","26,730","26,760","88,888,888","44","44","44","982,573","0044","0000","0600P","0540P",,"F","1365","COLLEGE AVE",,"0","408","F1",,"bbbbbbb","ALL","ALL",,"0","0","-","0",,,,,,"2026"
"1,501,034,716","T130920C","NY","OMT","09/03/2026 12:00:00 AM","19","TAXI",,"M","64,790","28,265","54,102","20,260,630","103","103","968","298,130","0968","0000","0626P","0626P","Q","F","93-02","SUTPHIN BLVD",,"0","408","C4",,"BBBBBBB","ALL","ALL","BR","0","2012","-","0",,,,,"20","2026"
"1,500,345,830","KWC9269","NY","PAS","09/04/2026 12:00:00 AM","98","SUBN","TOYOT","P","24,230","77,730","51,030","20,260,531","76","76","76","969,591","0076","0000","0915P",,"K","F","88","BUTLER STREET",,"0","408","F2",,"BBBBBBB","ALL","ALL","BLK","0","2019","-","0",,,,,"20","2026"
"1,500,788,521","MDC7326","99","PAS","09/04/2026 12:00:00 AM","21","SDN",,"P","49,130","18,630","67,030","20,260,321","76","76","76","968,998","0076","0000","0852A",,,"F","29","HERKIMER STREET",,"0","408","F1",,"BBBBBBB","ALL","ALL","GRY","0","2015","-","0",,,,,"20","2026"
"1,501,798,730","JBX6081","NY","PAS","09/04/2026 12:00:00 AM","14","SUBN","HONDA","P","89,530","5,280","5,430","20,260,731","84","84","84","959,545","0084","0000","1218P",,"K","F","575","WARREN ST",,"0","408","C",,"BBBBBBB","ALL","ALL","BK","0","2018","-","0",,,,,"20","2026"
"1,505,047,894","LXK1880","NY","PAS","09/05/2026 12:00:00 AM","14",,"NISSA","P","32,030","12,130","83,330","20,260,710","79","79","79","983,263","0079","0000","0937P",,"K","O","134","DECATUR STREET",,"0","408","F1",,"bbbbbbb","ALL","ALL",,"0","2023","-","0",,,,,"20","2026"
"1,495,943,458","919AXE","SC","PAS","09/05/2026 12:00:00 AM","40","SDN","FORD","P","8,590","13,490","13,740","20,261,031","108","108","108","972,671","0108","0000","0946P",,"Q","F","64-01","35 AVE",,"0","408","F2",,"BBBBBBB","ALL","ALL","WHITE","0","2017","-","0",,,,,"20","2026"
"1,498,824,079","GRA3871","NY","PAS","09/05/2026 12:00:00 AM","98","SDN","NISSA","P","56,030","79,930","18,630","20,260,727","77","77","77","977,865","0077","0000","0308P",,,"F","625","LINCOLN PL",,"0","408","E2",,"BBBBBBB","ALL","ALL","GRAY","0","2005","-","0",,,,,"20","2026"
"1,496,435,412","LGH2106","NY","PAS","09/05/2026 12:00:00 AM","14","SUBN","MAZDA","P","90,230","67,730","35,130","20,260,307","70","70","70","976,127","0070","0000","0917P",,"K","F","275","WEBSTER AVE",,"0","408","E9",,"BBBBBBB","ALL","ALL","GRY","0","2024","-","0",,,,,,"2026"
"1,502,337,812","T712921C","NY","OMT","09/05/2026 12:00:00 AM","40","SDN","TOYOT","P","10,680","17,330","7,430","20,260,831","62","62","62","974,422","0062","0000","0951P",,"K","F","2215","82 STREET",,"0","408","F2",,"BBBBBBB","ALL","ALL","BLUE","0","2025","-","0",,,,,,"2026"
"1,492,096,295","LZB9204","NY","PAS","09/06/2026 12:00:00 AM","71","SUBN","MITSU","P","8,440","53,990","22,490","20,270,616","109","109","109","925,636","0109","0000","0345A",,"Q","F","136-21","LATIMER PL",,"0","408","E5",,"BBBBBBB","ALL","ALL","WHT","0","2015","-","0",,,,,"20","2026"
"1,492,087,373","LSW9194","NY","PAS","09/07/2026 12:00:00 AM","14","SUBN","TOYOT","P","8,990","59,590","54,580","20,261,226","109","109","109","977,087","0109","0000","0200A","0200A","Q","O","135-05","38 AVE",,"0","408","E5",,"BBBBBBB","ALL","ALL","GY","0","2023","-","0",,,,,"20","2026"
"1,500,381,883","MYV6490","PA","PAS","09/07/2026 12:00:00 AM","40","SUBN","HONDA","P","13,640","11,090","11,110","0","104","104","104","951,082","0104","0000","0406A",,,,"5328","65 PL",,"0","408","F2",,"BBBBBBB","ALL","ALL","BLK","0","0","-","1",,,,,"20","2026"
"1,499,093,913","TFP40","NY","COM","09/07/2026 12:00:00 AM","40","VAN","CHEVR","P","17,140","18,290","18,290","20,261,031","102","102","102","959,599","0102","0000","0510P",,"Q","F","91-01","84 ST",,"0","408","E2",,"BBBBBBB","ALL","ALL","WH","0","2020","-","0",,,,,,"2026"
"1,501,251,582","LRP4341","NY","PAS","09/07/2026 12:00:00 AM","40","SDN","HONDA","P","80,430","23,330","54,070","20,261,116","77","77","77","981,742","0077","0000","1105P","2302P",,"F","905","ST MARKS AVE",,"20,260,907","408","C",,"BBBBBBB","ALL","ALL",,"0","0","-","0",,,,,,"2026"
"1,502,545,172","LJE2234","NY","PAS","09/07/2026 12:00:00 AM","46","SUBN","TOYOT","P","55,220","12,550","70,620","20,260,319","44","44","44","981,568","0044","0000","1130P","2320P","BX","F","1435","OGDEN AVE",,"20,260,907","408","F1",,"BBBBBBB","ALL","ALL","GRY","0","2015","-","0",,,,,,"2026"
"1,501,934,272","FSP1526","NY","PAS","09/08/2026 12:00:00 AM","17","SUBN","HONDA","W","26,630","64,830","36,480","20,250,919","71","71","976","102,039","0976","0000","0105P",,"K","F","451","CLARKSON AVE",,"0","408","C",,"BBBBBBB","0700A","0700P","BURG","0","2011","-","0",,,,,,"2026"
"1,501,934,340","N81VGX","NJ","PAS","09/08/2026 12:00:00 AM","17","SDN","NISSA","W","26,630","64,830","36,480","0","71","71","976","102,039","0976","0000","0146P",,"K","F","451","CLARKSON AVE",,"0","408","C",,"BBBBBBB","0700A","0700P","BLK","0","0","-","0",,,,,,"2026"
"1,501,934,363","295BNXC","TN","PAS","09/08/2026 12:00:00 AM","20","SDN","NISSA","W","26,630","36,530","36,580","0","71","71","976","102,039","0976","0000","0218P",,"K","F","541","CLARKSON AVE",,"0","408","D",,"BBBBBBB","ALL","ALL","BLK","0","0","-","0",,,,,,"2026"
"1,451,899,099","TCW4344","VA","PAS","09/09/2026 12:00:00 AM","14","SDN","CHEVR","P","34,690","10,510","10,610","20,260,430","18","18","18","969,644","0018","0000","0805P","1005P",,"I","121","WEST 46 STREET",,"20,250,909","408","F2",,"YYYYYYY","ALL","ALL","GRAY","0","0","-","0",,,,,"20","2026"
"1,492,006,520","LLB6112","NY","PAS","09/09/2026 12:00:00 AM","98","SUBN","LEXUS","P","25,960","10,150","10,290","20,260,429","111","111","111","945,706","0111","0000","1015A",,"Q","F","45-58","202 ST",,"0","408","F2",,"BBBBBBB","ALL","ALL",,"0","0","-","0",,,,,"20","2026"
"1,500,953,982","LHM1313","NY","PAS","09/09/2026 12:00:00 AM","40","SDN","GENES","N","0","0","0","20,260,121","46","46","46","980,057","0046","0000","0147P","0147P","BX",,,"I/S MT HOPE","ANTHONY AVE","20,260,909","408","F1",,"BBBBBBB","ALL","ALL","GRY","0","2024","-","0",,,,,,"2026"
"1,495,774,387","18836BT","NY","OMR","09/10/2026 12:00:00 AM","40","BUS","MAXFO","P","42,630","8,480","8,530","20,260,226","66","66","66","946,077","0066","0000",,,"K","F","3803","FT HAMILTON PKWY",,"0","408","E2",,"BBBBBBB","ALL","ALL","YL","0","2013","-","0",,,,,,"2026"
"1,505,614,405","MRW5480","PA","PAS","09/11/2026 12:00:00 AM","46","SUBN","JEEP","P","67,030","13,880","65,030","20,251,231","67","67","67","981,068","0067","0000","0618P",,"K","F","1859","NOSTRAND AVE",,"0","408","F1",,"bbbbbbb","ALL","ALL","GRAY","0","0","-","0",,,,,"20","2026"
"1,502,227,332","MZK7087","PA","PAS","09/11/2026 12:00:00 AM","40","SUBN","BMW","P","28,265","23,070","23,140","20,260,831","103","103","103","981,381","0103","0000","0709P","1905P","Q","F","147-23","ARCHER AVE",,"20,260,911","408","C4",,"BBBBBBB","ALL","ALL","GRY","0","2012","-","0",,,,,,"2026"
"1,496,829,104","LET4069","NY","PAS","09/12/2026 12:00:00 AM","40","SUBN","HYUND","K","11,220","44,635","35,580","20,271,017","123","123","123","160,449","0005","0000","1215",,"R","O",,"BLOOMINGDALE PARK",,"0","408","B",,"bbbbbbb","ALL","ALL","GREY","0","2023","-","0",,,,,"20","2026"
"1,499,426,653","LPJ9752","NY","999","09/12/2026 12:00:00 AM","46","SDN","INFIN","P","37,150","12,010","0","20,261,002","33","33","33","977,815","0033","0000","0607P",,"NY",,,"W 169","AUDUBON AVE","0","408","E2",,"BBBBBBB","ALL","ALL",,"0","0","-","0",,,,,,"2026"
"1,500,652,982","6629630","NY","PAS","09/12/2026 12:00:00 AM","51",,"BMW","P","53,490","53,890","20,790","20,260,213",,"0","106","934,027","0106","0000","1236A",,,"I","114-59","LEFFERTS BLVD",,"0","408","E3",,"BBBBBBB","ALL","ALL","GY","0","2007","-","0",,,,,,"2026"
"1,500,897,954","3662766","MA","PAS","09/12/2026 12:00:00 AM","98","SDN","NISSA","P","91,330","64,230","60,330","20,260,630","60","60","60","956,611","0060","0000","1040A","1040A","K","F","2815","WEST 19 ST",,"20,260,912","408","D",,"BBBBBBB","ALL","ALL","GY","0","0","-","0",,,,,,"2026"
"1,493,779,394","LUA1780","NY","PAS","09/13/2026 12:00:00 AM","46","SUBN","HONDA","C","0","40,404","40,404","20,260,410","45","45","0","100,219","CCPD","0000","1057A",,"BX","F","150","DREISER LP",,"0","408","F1",,"BBBBBBB","ALL","ALL","BLUE","0","2008","-","0",,,,,,"2026"
"1,498,784,902","LNB8013","NY","PAS","09/13/2026 12:00:00 AM","40",,"HONDA","N","19,270","25,390","27,790","20,261,021","25","25","25","982,028","0025","0000","0846P",,"NY","F","75","E 116 ST",,"0","408","J3",,"BBBBBBB","ALL","ALL",,"0","0","-","0",,,,,,"2026"
"1,500,296,107","LPG1182","NY","PAS","09/13/2026 12:00:00 AM","40","SDN",,"P","29,830","18,950","53,830","20,260,722","84","84","84","980,292","0084","0000","0139P",,,"F","40","COURT ST",,"0","408","D1",,"BBBBBBB","ALL","ALL","GRAY","0","2017","-","0",,,,,,"2026"
"1,502,662,772","LPW1727","NY","PAS","09/13/2026 12:00:00 AM","50","SDN","TOYOT","P","40,930","13,980","36,230","20,260,923","70","70","70","978,313","0070","0000","0940P",,,"O","1598","FLATBUSH AVE",,"0","408","F2",,"BBBBBBB","ALL","ALL","GY","0","2005","-","0",,,,,,"2026"
"1,503,727,002","G23RKB","NJ","PAS","09/14/2026 12:00:00 AM","14","SDN","ME/BE","P","16,910","11,720","16,400","20,260,920","34","34","34","938,532","0034","0000","0942P",,"NY","F","348","DYCKMAN ST",,"0","408","F1",,"bbbbbbb","ALL","ALL","GY","0","0","-","0",,,,,"20","2026"
"1,476,398,707","3VWJ69","MA","PAS","09/14/2026 12:00:00 AM","24","SDN","ME/BE","P","63,820","74,250","24,360","20,260,930","44","44","138","943,022","0138","0000","0215A",,"BX","O","1300","SEDGWICK AV",,"0","408","E2",,"BBBBBBB","ALL","ALL","BL","0","2021","-","0",,,,,,"2026"
"1,491,778,337","LSF5057","NY","PAS","09/14/2026 12:00:00 AM","41","SDN","TESLA","P","57,390","7,940","8,140","20,261,204","114","114","114","979,083","0114","0000","0015A",,"Q","F","30-11","NEWTOWN AVE",,"0","408","E3",,"BBBBBBB","ALL","ALL","BLK","0","2025","-","0",,,,,,"2026"
"1,502,113,909","C219640","CT","PAS","09/14/2026 12:00:00 AM","14","VAN","FORD","P","230","63,610","12,550","20,261,221","43","43","43","981,984","0043","0000","0418A",,"BX","F","1380","BRONX RIVER",,"0","408","F1",,"BBBBBBB","ALL","ALL","BLK","0","2015","-","0",,,,,,"2026"
"1,499,791,562","KET5154","NY","PAS","09/15/2026 12:00:00 AM","98",,"VOLKS","P","19,040","6,940","7,090","20,260,915","115","115","115","976,630","0115","0000","0202A",,,"F","23-40","97 ST",,"0","408","F2",,"BBBBBBB","ALL","ALL","WHT","0","0","-","0",,,,,"20","2026"
"1,502,009,640","Y39VPZ","NJ","PAS","09/15/2026 12:00:00 AM","40",,"HONDA","N","0","40,404","40,404","20,260,320","28","28","28","981,229","0028","0000","1020P","1015P","NY","O","1890","ADAM CLAYTON POWELL",,"20,260,915","408","F1",,"BBBBBBB","ALL","ALL","WHT","0","2022","-","2",,,,,,"2026"
"1,497,817,249","M20MNM","NJ","PAS","09/16/2026 12:00:00 AM","40","SDN","NISSA","P","37,475","14,580","84,440","20,260,620","63","63","63","965,734","0063","0000","0208P",,"K","F","2052","E 71 STREET",,"0","408","C",,"BBBBBBB","ALL","ALL","BK","0","0","-","0",,,,,,"2026"
"1,489,167,791","79727A","CT","COM","09/17/2026 12:00:00 AM","14",,"VOLVO","P","58,620","51,920","53,020","20,260,228","47","47","47","969,151","0047","0000","0710P","0710P","BX","O","2136","PITMAN AVE",,"20,250,917","408","E3",,"BBBBBBB","ALL","ALL","WHI","0","2013","-","0",,,,,,"2026"
"1,492,869,405","LLW3725","NY","COM","09/17/2026 12:00:00 AM","51","VAN","ME/BE","P","14,285","24,390","13,610","20,260,831","5","5","5","969,011","0005","0000","0122P",,"NY","F","1","CATHERINE LN",,"0","408","C",,"BBBBBBB","ALL","ALL","BLUE","0","0","-","0",,,,,,"2026"
"1,502,766,565","JDS6191","NY","PAS","09/17/2026 12:00:00 AM","14","SUBN","FORD","P","63,985","85,630","0","20,261,008","84","84","84","971,058","0084","0000","0155P",,"K","I",,"NAVY ST","TILLARY ST","0","408","C",,"BBBBBBB","ALL","ALL","GREY","0","0","-","0",,,,,,"2026"
